SubNumberFrom,SubNumberTo,Distance
1.0,41.0,11.467532135897898
1.0,46.0,9.593050713142995
2.0,5.0,134.37444274769928
7.0,2.0,38.37433716368984
37.0,3.0,10.82727422708275
43.0,4.0,11.874550073465441
5.0,11.0,107.58988703839891
24.0,5.0,83.07648846377127
7.0,11.0,81.26569036816724
7.0,23.0,106.51506919953721
8.0,52.0,65.71498989160759
177.0,8.0,76.06811817066806
9.0,24.0,77.97839126209882
35.0,9.0,21.75592461319324
51.0,9.0,54.63670376519256
10.0,35.0,47.46935228723974
10.0,48.0,54.756237845459495
12.0,26.0,31.556824462527963
44.0,12.0,47.885815749709195
14.0,13.0,22.279990966782695
13.0,22.0,43.24963149502152
28.0,13.0,9.994254627926916
35.0,13.0,54.27780896818772
18.0,14.0,18.90410681510895
15.0,30.0,66.36763967651478
15.0,33.0,10.635121845851826
15.0,46.0,23.962893630611973
46.0,15.0,23.962893630611973
15.0,49.0,78.82655769803601
16.0,220.0,21.897818771403998
17.0,21.0,31.469721754735446
18.0,55.0,18.80407793565406
20.0,33.0,33.388062171983414
38.0,20.0,21.56402623466286
21.0,206.0,5.645446125397005
22.0,38.0,35.47108601954241
23.0,29.0,127.99896643338349
48.0,23.0,112.93645769741863
25.0,27.0,33.7591997239023
25.0,177.0,181.67882326424086
43.0,26.0,13.75663905707088
53.0,27.0,35.70165662802768
28.0,46.0,14.708029333016635
48.0,29.0,27.38529990287165
30.0,55.0,39.872119560197056
31.0,43.0,5.301526521557698
32.0,158.0,51.435516446710466
220.0,32.0,59.967414391860004
33.0,41.0,11.927413919412377
52.0,34.0,43.52117938664856
34.0,150.0,75.27814563531518
35.0,50.0,20.80146487531638
36.0,38.0,29.40687491796982
54.0,36.0,60.47942454310929
37.0,54.0,34.5342644923854
39.0,52.0,34.561329982861764
53.0,44.0,51.24754078374271
49.0,220.0,27.220564887114378
50.0,51.0,45.21380866705636
55.0,50.0,44.36600997462406
74.0,56.0,91.53630073664638
56.0,92.0,51.64589830381781
124.0,56.0,13.051761703924244
69.0,57.0,19.759581682258656
72.0,57.0,22.46987181136477
83.0,58.0,11.388376416454971
58.0,91.0,5.57310553532028
59.0,133.0,28.75860447180321
59.0,135.0,20.324338025896278
64.0,60.0,53.07055763137486
60.0,96.0,44.23945030749925
61.0,93.0,39.71385409755214
61.0,116.0,17.261642116376972
129.0,61.0,17.09304708448182
101.0,62.0,57.37644341007134
62.0,113.0,48.55098768092478
62.0,121.0,57.91311087362338
63.0,96.0,47.23618531459243
64.0,74.0,43.750941816233755
65.0,82.0,20.26353620500096
373.0,65.0,22.7165470722169
87.0,66.0,13.972541957082452
108.0,66.0,19.817448474631913
89.0,68.0,3.1663231757354526
98.0,68.0,4.420775379196731
69.0,85.0,52.047168682864594
103.0,69.0,18.01148280965259
70.0,98.0,5.3405555765435775
106.0,70.0,7.545794073400977
99.0,71.0,58.28500737592097
140.0,71.0,28.409202304169582
72.0,120.0,39.81788188259288
73.0,89.0,11.728355151776402
73.0,129.0,24.073031877660085
132.0,73.0,11.98776127420792
75.0,126.0,27.695367231828904
135.0,75.0,23.90226865753489
76.0,92.0,56.46895047284391
76.0,118.0,51.32330501843741
77.0,133.0,25.824051770683408
135.0,77.0,33.327246099881876
141.0,78.0,12.25006295549556
78.0,581.0,21.735960603525104
79.0,87.0,10.34114246171919
90.0,79.0,11.047463843854642
80.0,105.0,45.68220938392513
80.0,121.0,60.323386096630124
81.0,98.0,5.114627697506269
81.0,116.0,5.4697929957353315
82.0,104.0,13.503814155687504
130.0,82.0,9.913433265749862
115.0,83.0,20.72573589138031
84.0,117.0,19.918040659158653
578.0,84.0,18.417369463843503
84.0,689.0,12.048601523287905
85.0,133.0,55.00690811702013
134.0,85.0,21.079385167405896
104.0,88.0,24.000856510773065
88.0,125.0,34.44769662944352
102.0,90.0,11.757945755219282
122.0,91.0,12.124603658538549
113.0,92.0,69.35187413001198
93.0,101.0,29.52139236155299
120.0,94.0,55.95192649919577
94.0,565.0,29.985390848693385
114.0,95.0,22.339433312557116
95.0,132.0,28.292361009845937
578.0,97.0,24.542606078522624
97.0,632.0,36.28430232375665
100.0,103.0,19.65409661544073
455.0,100.0,13.69885488113167
122.0,102.0,13.234282121936003
139.0,104.0,23.09806570560496
111.0,105.0,35.16731695347993
107.0,106.0,32.16392890945857
107.0,119.0,4.378476887750602
108.0,110.0,18.102176789109773
108.0,402.0,24.03479399323023
110.0,125.0,27.241969860545357
118.0,111.0,44.9219606772517
209.0,111.0,9.006266186344533
112.0,130.0,7.034663439423582
112.0,143.0,9.934127831483671
117.0,114.0,31.503481091767934
143.0,114.0,40.07476880211336
115.0,141.0,29.633779675618634
120.0,134.0,41.54894152377275
125.0,410.0,46.27152161571857
125.0,127.0,6.717342011389182
137.0,126.0,15.719628109044725
126.0,141.0,10.046919812357247
127.0,138.0,35.34966097777822
142.0,128.0,22.251462942774012
703.0,128.0,38.134186634874
131.0,500.0,31.03536421020161
131.0,703.0,51.63826212934821
685.0,137.0,16.856083629463125
138.0,405.0,23.17196171705593
138.0,521.0,11.09205948014176
139.0,526.0,12.252199357519535
141.0,459.0,14.420721879192454
159.0,142.0,28.5400839563968
144.0,812.0,69.17140396886629
876.0,144.0,48.2751050710759
144.0,204.0,22.149284623255802
145.0,202.0,14.265936750835097
146.0,178.0,50.418566849752814
216.0,146.0,38.12731704509512
147.0,176.0,23.787954417531413
232.0,147.0,22.914146007028283
148.0,154.0,37.63079940273165
148.0,224.0,11.619763377123427
148.0,232.0,27.121508969296073
149.0,171.0,47.68336454378909
227.0,149.0,37.021674896742056
230.0,149.0,30.378371208741168
150.0,162.0,49.36665090631307
233.0,150.0,47.204617503479405
151.0,189.0,46.71410242284392
195.0,151.0,40.1250227599541
152.0,153.0,31.349824291893942
152.0,214.0,41.66149013471149
153.0,849.0,31.360989666143272
154.0,190.0,14.406930912479542
155.0,214.0,60.247340684938514
840.0,155.0,16.438347231140188
156.0,212.0,9.135359138049884
156.0,217.0,19.848781973919305
156.0,218.0,12.908814767672322
157.0,202.0,11.790026143679237
226.0,157.0,38.94921368092747
158.0,177.0,147.87543992333775
162.0,158.0,23.74137860603683
208.0,158.0,23.201361881413774
176.0,159.0,23.872358620502958
650.0,159.0,27.702808612778547
169.0,160.0,45.609054453029025
193.0,160.0,21.308777638918457
176.0,161.0,22.04559578165961
161.0,183.0,67.28152735720191
161.0,209.0,60.63887861919471
170.0,163.0,38.58034698495823
163.0,171.0,53.412065286267975
163.0,200.0,37.402922300811646
164.0,201.0,17.044453620144672
234.0,165.0,20.568645552203765
165.0,543.0,16.41297130790627
166.0,186.0,15.249835967206893
208.0,166.0,35.295836517346714
179.0,167.0,22.726210423601756
167.0,185.0,25.805362912258207
167.0,227.0,27.59385344536645
168.0,196.0,12.826758636951237
198.0,168.0,9.34913892328709
170.0,182.0,57.456282482186595
171.0,182.0,59.364632092965266
186.0,173.0,29.462203981356478
226.0,173.0,25.58559369094221
175.0,390.0,219.30453700941632
175.0,442.0,154.42464277826886
245.0,177.0,176.480822371252
178.0,195.0,64.44512474072013
178.0,204.0,28.13230505442289
182.0,229.0,52.58052923523864
184.0,190.0,27.6827126525161
184.0,227.0,9.328994203306472
229.0,186.0,33.79464431406502
187.0,189.0,28.67236003393472
213.0,187.0,20.934030982428197
187.0,235.0,56.779964053008094
222.0,188.0,52.442370805666506
188.0,225.0,51.61588505910513
190.0,198.0,10.225783367386953
190.0,221.0,20.347266287159897
193.0,218.0,4.801988802354028
194.0,610.0,30.42910645936372
201.0,194.0,6.945517752770903
194.0,215.0,8.06865375439432
198.0,199.0,24.812966398549488
199.0,201.0,16.66884120810831
215.0,199.0,21.567666997076945
203.0,200.0,24.102024141699005
921.0,200.0,23.1754258571041
800.0,203.0,23.776926716407733
205.0,234.0,23.665241756874533
205.0,750.0,35.176258692842396
210.0,209.0,28.225130608185275
235.0,211.0,38.23846789247017
355.0,211.0,46.67641896814228
212.0,232.0,39.13317808802184
216.0,213.0,41.05110355859741
876.0,214.0,49.72591114597311
216.0,746.0,29.36255825290189
222.0,231.0,29.239054483338993
225.0,229.0,43.8079857401115
225.0,233.0,48.949721303286175
231.0,230.0,30.76043169969501
236.0,265.0,26.48043947589892
295.0,236.0,18.418032251481907
316.0,236.0,28.512294799631178
245.0,237.0,92.00283986799441
304.0,237.0,34.37555162549386
252.0,237.0,36.390709613761274
238.0,242.0,35.87679699206632
238.0,913.0,13.699767106733827
239.0,255.0,6.0713157246475635
239.0,260.0,11.677189512487056
239.0,310.0,6.234108488527949
240.0,767.0,23.565840508198566
799.0,240.0,19.68397289372543
240.0,360.0,15.581336209449512
242.0,352.0,41.454117740926904
260.0,243.0,28.133272413890182
243.0,295.0,42.92388963984991
243.0,309.0,22.42366294242004
243.0,341.0,33.351885916958494
244.0,290.0,31.5308017634034
298.0,244.0,18.113270623135023
244.0,310.0,5.476291387319121
245.0,319.0,126.03035929091253
355.0,245.0,61.1504241773146
246.0,253.0,21.20512521578432
305.0,246.0,22.795154626153305
286.0,247.0,4.837544899977736
247.0,288.0,7.561265455880333
247.0,311.0,10.815193585721497
248.0,263.0,18.25621535218647
327.0,248.0,19.565682556739713
249.0,278.0,20.14996032251814
249.0,309.0,14.01857526669858
271.0,250.0,35.183490152666224
250.0,311.0,10.749472950490828
328.0,250.0,9.207385852750466
290.0,251.0,16.222024886411788
251.0,337.0,12.77318595704835
354.0,252.0,33.28421719293347
767.0,253.0,28.701661604301258
866.0,254.0,56.94378400355843
254.0,305.0,6.8276026474356915
255.0,289.0,6.0379791704578905
256.0,1066.0,4.262019441460759
256.0,862.0,26.438165294593876
1066.0,256.0,4.262019441460759
257.0,267.0,54.90835559547266
325.0,257.0,27.425344940432158
271.0,258.0,14.638352040589488
321.0,258.0,25.72428945690945
259.0,293.0,23.659042205241743
259.0,325.0,21.549417886572495
259.0,357.0,5.238204231057953
260.0,330.0,33.09636344390568
276.0,261.0,6.719598823407267
261.0,328.0,16.72661458875104
319.0,262.0,46.051454925839955
262.0,356.0,40.8288990893474
263.0,273.0,16.803932758059407
291.0,263.0,21.57530999710098
273.0,264.0,18.946755833023893
264.0,313.0,28.22892785716408
264.0,347.0,21.97613654974258
283.0,265.0,3.273648172259405
265.0,329.0,115.47873225128754
285.0,265.0,10.025422511065571
283.0,266.0,28.612657261632165
289.0,266.0,6.909684462445413
298.0,266.0,6.470530548290328
267.0,307.0,16.153910360923366
268.0,307.0,5.784826953746903
352.0,268.0,41.47588379590781
269.0,330.0,8.965849982493443
269.0,331.0,7.382260865710313
287.0,270.0,12.413285805624986
315.0,271.0,26.861404321445324
272.0,329.0,20.02498520282736
272.0,358.0,50.33009519569691
274.0,284.0,9.920296154783285
274.0,300.0,15.185154867737245
274.0,324.0,8.155253489675333
299.0,275.0,5.888710896757217
275.0,324.0,12.387647809959166
280.0,276.0,6.840422197023504
276.0,291.0,20.793877755186728
277.0,279.0,17.302369263089602
277.0,298.0,6.994277104298155
302.0,278.0,7.586359584403169
361.0,278.0,10.341622892785717
279.0,295.0,16.75450398017694
279.0,353.0,24.663124960231027
280.0,282.0,11.811348545140582
281.0,351.0,69.79209524881651
281.0,359.0,20.591027023893005
297.0,281.0,12.019461137992648
282.0,332.0,8.88197939612942
282.0,338.0,6.255263196216058
325.0,283.0,160.43273665601393
331.0,283.0,17.520287052694453
308.0,284.0,5.67218208678705
284.0,349.0,27.077956078522725
285.0,333.0,7.431426871354799
287.0,297.0,29.13173136182428
301.0,287.0,21.833565990310557
332.0,288.0,7.548970091372895
339.0,291.0,20.06610729610679
292.0,308.0,2.4541942316945353
328.0,292.0,4.67806605039393
338.0,292.0,4.115393750886708
345.0,293.0,25.749071445744207
913.0,293.0,26.951258624149432
314.0,294.0,8.97885282338464
294.0,341.0,13.895793790878928
324.0,296.0,9.0342838548067
340.0,299.0,10.925140959966145
300.0,332.0,6.443868218897204
301.0,341.0,38.40635664348056
353.0,302.0,11.423598054365439
312.0,303.0,42.38906180308113
303.0,321.0,14.490580441767372
325.0,304.0,26.52436679584377
357.0,304.0,5.239454271723729
305.0,342.0,19.808188051182285
320.0,306.0,25.374093164011786
326.0,306.0,42.515976465450876
335.0,307.0,53.88606142428848
310.0,333.0,6.824441232665601
311.0,349.0,28.20767801192419
316.0,312.0,44.961015633697535
866.0,313.0,22.1903344922378
359.0,314.0,11.431816930702507
323.0,315.0,36.28372822722039
317.0,318.0,25.947858041810804
317.0,346.0,40.717076048137194
318.0,348.0,23.942929041174175
319.0,885.0,55.68990270693255
319.0,322.0,26.813711146416583
919.0,319.0,24.309957306528123
320.0,323.0,15.237718159691388
320.0,339.0,15.244555683118845
356.0,322.0,36.732357295919854
325.0,913.0,36.42466715245044
326.0,348.0,54.3402649722607
343.0,327.0,34.78572697214852
327.0,350.0,17.014114676295993
335.0,331.0,9.080335393063505
334.0,338.0,1.2264353534169503
353.0,337.0,19.310481217744023
349.0,340.0,10.911712703019932
845.0,342.0,19.934066193448075
342.0,360.0,15.871563735404093
935.0,343.0,31.7964674256421
723.0,344.0,9.603517600793078
869.0,344.0,15.685327544029086
346.0,345.0,29.269602016806687
347.0,862.0,35.409443891960464
1066.0,350.0,76.32885297665703
358.0,351.0,26.888527739269318
354.0,356.0,38.63049284006647
362.0,494.0,5.470663628554852
519.0,362.0,4.1560167986297625
362.0,673.0,10.643897203361544
363.0,663.0,24.57569397588575
707.0,363.0,12.939526801727594
452.0,364.0,19.904069477257675
364.0,672.0,17.433217810611527
365.0,400.0,3.117419346084113
582.0,365.0,2.8187484427727014
365.0,587.0,11.715545384739718
366.0,371.0,3.564971784727799
482.0,366.0,3.7989013605381863
453.0,367.0,32.75151140477026
621.0,367.0,26.999367857139024
650.0,367.0,17.09740849993002
587.0,368.0,4.022162030975168
595.0,368.0,3.7764210866881336
712.0,368.0,3.273004040752967
369.0,421.0,5.520342960215983
645.0,369.0,4.5444895902807225
370.0,394.0,24.101296705005012
1200.0,370.0,17.679887584182755
371.0,375.0,15.636098959669175
372.0,426.0,18.719724387550883
474.0,372.0,15.113825197432803
372.0,532.0,17.561758364353974
373.0,689.0,18.00094362173827
397.0,374.0,21.57281576573096
374.0,482.0,34.30031758704747
632.0,374.0,66.42225717006917
374.0,710.0,43.974715666352395
562.0,374.0,5.524649952901059
659.0,374.0,5.761793314371354
524.0,375.0,11.312737111760242
375.0,599.0,12.336701732406553
376.0,490.0,18.171774140967564
710.0,377.0,28.509483285833024
549.0,377.0,7.398215978319836
590.0,377.0,11.294314771665755
377.0,678.0,14.643622819427888
458.0,378.0,8.970573232458134
378.0,495.0,7.146462037717702
686.0,378.0,29.837805498261837
687.0,379.0,21.26904728378244
379.0,704.0,13.874737706871379
380.0,428.0,6.002815326509095
380.0,638.0,4.463538185513998
381.0,423.0,9.459002421241358
381.0,700.0,6.881073196734805
381.0,711.0,8.758401005033614
422.0,382.0,4.079246169622797
382.0,539.0,5.288908048377207
382.0,709.0,9.283703768563301
383.0,460.0,15.464994326262547
693.0,383.0,12.212627224589616
596.0,384.0,13.733777685212123
384.0,667.0,13.997570312331458
385.0,588.0,11.202229648578687
654.0,385.0,12.072045299997972
386.0,415.0,9.807688593006601
520.0,386.0,5.231079526422838
386.0,534.0,10.004328904065575
605.0,386.0,4.501021279325288
387.0,391.0,53.462513937741825
387.0,624.0,24.094079210429683
387.0,644.0,7.532488223149761
387.0,597.0,4.994149089161765
634.0,387.0,10.681938090608162
388.0,470.0,19.389397784325617
388.0,577.0,24.562172164214417
389.0,471.0,13.342397907496126
498.0,389.0,13.71416433747361
390.0,442.0,98.68317726329389
560.0,390.0,38.674642640872555
658.0,390.0,43.13232525898232
579.0,390.0,27.100645448219254
391.0,493.0,71.98361004556777
391.0,560.0,60.635613276348174
391.0,681.0,15.024768602611918
710.0,391.0,11.614272882944062
392.0,589.0,45.77755717977014
392.0,624.0,54.514315830094326
688.0,392.0,12.10259062830893
392.0,1178.0,48.21471792737279
392.0,1227.0,31.151826081651162
487.0,393.0,3.7640443778425996
393.0,630.0,5.047917741269282
394.0,529.0,17.604842654402624
500.0,395.0,31.93891953197974
396.0,663.0,16.461980774628092
1243.0,396.0,17.01700978433898
396.0,1193.0,12.412715761841131
397.0,589.0,60.914189458703206
397.0,445.0,4.080902998616913
461.0,397.0,3.6479072443548564
398.0,448.0,4.794898235700748
662.0,398.0,3.670627902297716
456.0,399.0,11.947367441501337
399.0,631.0,19.768872797867523
427.0,400.0,4.88472118722957
438.0,400.0,4.683409203014299
442.0,401.0,12.098018808219841
714.0,401.0,35.98686352735163
402.0,465.0,18.575410538244725
402.0,607.0,11.936078555342176
403.0,564.0,51.66454050295906
403.0,640.0,57.641863982883
533.0,404.0,12.543553768732947
1216.0,404.0,16.736540861268743
478.0,405.0,9.337384774625395
406.0,456.0,7.788097526170461
641.0,406.0,4.919900076555253
460.0,407.0,17.954902638278217
407.0,604.0,20.34269509145003
408.0,481.0,16.750522557954195
527.0,408.0,12.193933979988268
408.0,640.0,4.537489317238126
409.0,412.0,7.035263905176553
409.0,606.0,6.904242489354623
409.0,677.0,3.508716744026641
410.0,588.0,8.766835367274181
410.0,602.0,54.71913453924954
410.0,696.0,15.172015564333302
630.0,410.0,6.452002275305441
475.0,411.0,7.4975883952755735
411.0,699.0,4.226449345312608
412.0,491.0,9.246260995960949
412.0,516.0,12.488893095626052
412.0,683.0,10.527972838371584
557.0,413.0,13.998565602655146
413.0,619.0,18.516284439639215
413.0,622.0,15.595176754728652
414.0,583.0,10.704453814102894
414.0,649.0,19.859975559928525
415.0,443.0,6.469809022454188
415.0,536.0,4.457182563581934
415.0,595.0,5.387484666821472
485.0,416.0,10.100712191499865
416.0,557.0,15.977933184626343
417.0,499.0,17.448195678592228
687.0,417.0,20.031630593429785
706.0,417.0,15.258580325532936
418.0,584.0,9.704474546162798
608.0,418.0,12.028583832982058
418.0,671.0,6.439577425549614
419.0,643.0,14.166412919861644
715.0,419.0,10.158769692540844
574.0,420.0,8.89586042025543
617.0,420.0,6.033268140127539
589.0,421.0,7.589356478609005
421.0,657.0,7.541471382045433
422.0,445.0,3.332573079864721
423.0,687.0,22.75422229840188
423.0,706.0,28.108426319502755
424.0,507.0,9.998851698882637
424.0,615.0,8.634756552698603
535.0,425.0,2.450250641133389
550.0,425.0,5.347996212857844
425.0,625.0,2.3425702319181547
537.0,426.0,46.37835383187608
427.0,589.0,17.796848214673787
644.0,427.0,30.157774614906675
696.0,427.0,21.68398510450546
427.0,450.0,5.003778610509377
428.0,509.0,16.290601560303205
683.0,428.0,5.869077059762154
428.0,710.0,10.127998249465135
429.0,466.0,4.949268649316123
429.0,553.0,14.30212785925907
430.0,563.0,6.226924493078587
430.0,626.0,4.653682295919018
684.0,430.0,6.477179760071503
571.0,431.0,8.67287033588585
431.0,609.0,6.8821361151594775
490.0,432.0,16.28184585099688
432.0,510.0,14.583037572356924
513.0,433.0,4.345627299741559
433.0,582.0,3.834130926088745
433.0,635.0,3.8963002662973376
434.0,452.0,40.437132533069885
504.0,434.0,18.86026199877993
434.0,546.0,24.464346395884405
579.0,434.0,44.68903630834881
435.0,507.0,21.780736674342698
435.0,524.0,20.21558748287525
526.0,435.0,13.327694800470793
525.0,436.0,20.847618451556176
436.0,528.0,22.017289271805986
533.0,436.0,21.452481363384614
437.0,660.0,8.10720071357947
688.0,437.0,12.861473837801148
438.0,530.0,8.55594581955251
439.0,522.0,3.7121320815092145
439.0,655.0,6.928663132058111
610.0,440.0,31.300711625793465
621.0,440.0,24.106647272390163
440.0,690.0,31.965700900182572
441.0,514.0,14.249453448882097
613.0,441.0,25.987548416572164
442.0,543.0,67.25175467277438
443.0,552.0,10.800661552332098
443.0,592.0,15.18442039448536
477.0,444.0,18.85662091092084
1249.0,444.0,16.669052278013314
445.0,606.0,3.7958646250619434
446.0,552.0,5.344725262296996
446.0,593.0,9.378129549537407
446.0,645.0,11.173190823851987
504.0,447.0,18.60168316577911
447.0,537.0,37.353091276547225
598.0,447.0,30.59599565606408
448.0,520.0,4.671130004926891
448.0,698.0,5.462726041669413
532.0,449.0,22.6783786033041
449.0,543.0,28.171719996225907
487.0,450.0,4.132258579176479
451.0,576.0,17.438026036762032
451.0,656.0,23.90004462726317
451.0,766.0,68.22186962299011
481.0,451.0,10.2590509703952
473.0,453.0,21.712347709954887
473.0,454.0,29.244905861631153
484.0,454.0,24.823056101127563
454.0,561.0,24.298596306283166
455.0,581.0,18.119579306138807
456.0,647.0,16.18581956839745
456.0,686.0,88.67829905888269
457.0,496.0,4.372603200621957
457.0,539.0,19.42129927400381
618.0,457.0,4.237962302135214
458.0,697.0,3.325169136341354
459.0,654.0,16.583549544549186
460.0,697.0,38.55884398305434
461.0,522.0,10.057895320183741
665.0,461.0,4.558998289574283
462.0,598.0,27.726630020576273
647.0,462.0,11.098032839417534
463.0,551.0,5.474066728850967
463.0,602.0,5.652188984500154
464.0,467.0,15.679879272571432
464.0,470.0,4.162126159069682
612.0,464.0,4.482924911518465
464.0,657.0,8.458402317050716
465.0,501.0,7.262743606101148
465.0,530.0,11.72004753884716
466.0,611.0,5.255037030871823
466.0,691.0,14.411495447386478
695.0,466.0,6.127014613215047
587.0,467.0,3.7766445036231486
467.0,593.0,6.50280467694823
508.0,468.0,7.94259912974263
468.0,669.0,65.24949918545038
472.0,469.0,18.372400893806866
504.0,469.0,18.82277945909886
653.0,469.0,19.192761646347346
494.0,470.0,5.746816745992535
514.0,471.0,18.00992458613414
472.0,547.0,16.982246349153257
583.0,472.0,17.697635941591887
690.0,474.0,21.39286678068788
475.0,506.0,8.230023344824465
609.0,475.0,10.091792355746332
600.0,476.0,5.149211233682085
637.0,476.0,6.122162106793131
568.0,477.0,45.83358108443288
482.0,478.0,4.900169577709454
479.0,494.0,12.809771595268627
479.0,569.0,9.520598305192737
600.0,479.0,4.66440536913544
479.0,629.0,15.80102783754845
480.0,517.0,25.15590920982472
480.0,674.0,11.951012446430786
481.0,541.0,16.68606874558769
482.0,696.0,23.976109574530707
489.0,482.0,5.527480278377635
483.0,513.0,14.799521662706127
483.0,545.0,19.36593056955177
483.0,595.0,5.30520879953325
702.0,484.0,14.001009771352921
485.0,488.0,13.265784095086389
590.0,486.0,14.204754878275391
667.0,486.0,8.050197380850426
487.0,513.0,12.193338759825656
705.0,488.0,17.651535577915276
507.0,489.0,8.188122551784378
489.0,633.0,8.233977139559256
491.0,499.0,23.997112643751095
491.0,580.0,11.453684309175896
558.0,492.0,12.249681003012604
592.0,492.0,11.902914834517377
492.0,627.0,18.12447829942022
631.0,493.0,71.79933781419015
493.0,643.0,29.39998766394659
493.0,1183.0,52.44640015314882
493.0,1189.0,60.65853876273288
493.0,715.0,11.212968734752438
495.0,598.0,29.487435744817166
496.0,530.0,4.782298134881147
497.0,636.0,16.101733261372765
646.0,497.0,6.242025636965407
498.0,524.0,11.48433787048302
671.0,498.0,10.38209904434239
499.0,628.0,14.659249272714298
501.0,513.0,6.451751375026296
501.0,540.0,14.851331381485485
501.0,553.0,17.347544610476042
502.0,536.0,2.503519590383733
502.0,569.0,1.8636029143382438
502.0,625.0,4.350648387594069
503.0,555.0,34.43436094374142
503.0,561.0,38.09426251168141
503.0,667.0,54.11169202664913
504.0,653.0,18.924280562865036
505.0,576.0,60.39805547265003
891.0,505.0,15.859607276633556
506.0,606.0,19.050491476767203
506.0,639.0,2.8736992989072907
506.0,694.0,6.646503492705223
613.0,508.0,16.53977667249381
509.0,638.0,8.896098331128407
509.0,675.0,3.383498507710234
555.0,510.0,16.461580921599154
573.0,511.0,11.809404887368503
603.0,511.0,16.002528422171338
512.0,643.0,21.270118168359257
663.0,512.0,26.58709738652193
515.0,546.0,14.830115854870071
547.0,515.0,15.629496267449811
516.0,539.0,6.385725145565848
516.0,665.0,3.706646223661073
517.0,572.0,14.40089020856713
517.0,603.0,13.53785446817145
518.0,556.0,27.23796721605382
609.0,518.0,15.151075339117993
519.0,550.0,13.032024421064232
520.0,535.0,8.866527734092438
699.0,520.0,3.184210989614637
521.0,574.0,21.74751632604085
522.0,679.0,2.8049407526713965
522.0,680.0,4.617254562599253
523.0,594.0,4.006805705325577
523.0,670.0,10.361822066320775
713.0,523.0,5.462046461434035
525.0,634.0,18.364232722454265
527.0,656.0,18.833432030223896
528.0,663.0,17.336290671585722
529.0,572.0,29.523302187993387
591.0,530.0,7.361688122698206
531.0,559.0,7.875255734580666
660.0,531.0,7.840446092685727
533.0,627.0,24.391104357234248
597.0,534.0,6.568638097413676
623.0,534.0,5.520669023942059
535.0,593.0,8.733955601029637
536.0,709.0,13.376021404272363
579.0,537.0,45.77498970634593
538.0,551.0,14.961809614284252
677.0,538.0,6.039266644764575
538.0,679.0,14.550066350639936
539.0,615.0,12.578989185383431
540.0,588.0,17.504924416947077
541.0,568.0,33.02768942680556
656.0,541.0,16.842861686204852
686.0,543.0,50.79646035990303
544.0,590.0,22.838680471625526
544.0,679.0,11.925294480846313
545.0,554.0,17.154291244664147
545.0,615.0,8.119263727225448
560.0,546.0,10.043280883365039
548.0,665.0,6.223244823994399
548.0,691.0,4.721746463744445
548.0,713.0,8.2072894627499
585.0,549.0,7.740552325877423
550.0,644.0,6.406759960674537
551.0,709.0,5.516115069748764
552.0,616.0,13.142936072283426
552.0,673.0,3.0540597830974163
633.0,553.0,5.338177434873158
554.0,608.0,17.9646961438276
554.0,659.0,8.61484375001081
554.0,691.0,14.86189738835225
557.0,556.0,6.72522448734292
556.0,664.0,15.343899374433892
676.0,556.0,15.833900892619269
592.0,558.0,10.825865796610039
559.0,657.0,7.553487254556759
561.0,702.0,21.430136021427522
713.0,562.0,4.4097066281762185
580.0,563.0,7.040253516275826
564.0,697.0,20.400002298225676
701.0,564.0,28.958888677400726
565.0,581.0,18.678481746726398
664.0,566.0,13.920571044176437
681.0,566.0,7.331589071377686
567.0,647.0,25.606115802908107
567.0,674.0,20.74630471643946
567.0,705.0,16.63056077683868
568.0,648.0,17.900013250139555
698.0,569.0,2.4707755311973663
570.0,615.0,15.304295566806093
570.0,661.0,6.69127744337965
571.0,605.0,15.468159643950623
571.0,637.0,13.440693547346386
572.0,707.0,34.79956970032445
631.0,573.0,17.59150857255878
574.0,599.0,22.43662578008375
576.0,575.0,6.541627758518955
648.0,575.0,15.199247820674334
576.0,693.0,10.611002634556725
577.0,688.0,16.129259000347094
582.0,673.0,2.177499441894432
583.0,619.0,19.816553787580183
584.0,585.0,8.69453524376387
666.0,584.0,12.810316922346358
584.0,675.0,16.52804588366304
585.0,596.0,9.442614088895889
586.0,614.0,17.3646455194267
586.0,652.0,15.327939191754105
589.0,588.0,8.580231609394618
588.0,651.0,9.18942348211159
591.0,617.0,4.8506188145973095
624.0,592.0,6.856841839749292
594.0,615.0,14.039041759996872
594.0,642.0,3.8404261733517955
594.0,675.0,13.646076858515048
600.0,627.0,12.1018928996485
647.0,601.0,99.24877284866253
704.0,601.0,10.4665684706448
602.0,644.0,24.086929583291628
684.0,602.0,10.53360381929045
639.0,602.0,5.227006391091509
602.0,662.0,11.480332985813625
682.0,604.0,20.48258159852418
606.0,670.0,12.649018660207357
651.0,607.0,15.34667598128637
685.0,607.0,18.385123643532154
666.0,608.0,7.345047339625986
664.0,609.0,20.618530359857736
610.0,714.0,35.920580627223124
611.0,635.0,10.764305070307147
611.0,662.0,9.903114665076295
624.0,612.0,5.06736202902062
711.0,614.0,14.542516704924124
616.0,694.0,14.147633544889855
616.0,698.0,1.9662269053700023
617.0,696.0,13.282190037124776
635.0,618.0,4.360509730199706
618.0,712.0,8.972660183010463
638.0,620.0,3.2905176326763073
620.0,678.0,7.270071093595241
680.0,620.0,2.9922401909023617
622.0,628.0,19.028348720845727
623.0,694.0,7.593425310721367
624.0,684.0,47.15162396025952
624.0,696.0,41.31990041285524
624.0,668.0,14.94369056373386
639.0,626.0,4.162875955606794
626.0,699.0,7.935289074510706
628.0,681.0,14.3222457785334
645.0,629.0,3.2379105522184224
629.0,668.0,18.528636546104394
630.0,645.0,13.87005370753454
636.0,670.0,7.730565885258269
644.0,637.0,5.5745131600798015
640.0,708.0,10.632557001735956
701.0,641.0,6.259852941203864
642.0,679.0,12.46974338764002
643.0,644.0,43.36770314817311
643.0,676.0,11.841245851769987
646.0,666.0,8.589507833303234
700.0,646.0,4.0772258883401165
647.0,1195.0,83.18700773029428
647.0,649.0,22.879103510585747
648.0,692.0,15.781334480964508
692.0,648.0,15.781334480964508
653.0,701.0,41.90564614215351
654.0,660.0,12.781877659103863
655.0,683.0,6.046215015359201
656.0,686.0,31.41227940082465
656.0,708.0,10.648775272631854
891.0,656.0,19.652968696124766
658.0,702.0,24.738159202258732
669.0,667.0,14.714637312601589
672.0,702.0,28.12722778516472
680.0,700.0,4.7611411619486494
701.0,682.0,10.459479663452402
684.0,710.0,30.220815048252106
793.0,692.0,13.787915506928808
692.0,896.0,22.221099647254015
695.0,709.0,3.4141003789909203
698.0,712.0,5.344722270321159
716.0,872.0,4.437301213702995
716.0,874.0,10.073904504027256
716.0,888.0,10.351762641872524
717.0,747.0,17.076971823850375
717.0,880.0,4.310261315250632
717.0,903.0,9.95848813170868
720.0,718.0,18.26538892630171
718.0,772.0,16.993271005137323
719.0,751.0,9.470932862364089
805.0,719.0,7.2931729441216175
733.0,720.0,14.174514223488968
732.0,721.0,11.448356213738103
721.0,781.0,9.485665665449364
721.0,806.0,5.373512118884508
721.0,848.0,14.184436620376575
722.0,760.0,16.429537156252934
786.0,722.0,14.132600016490578
722.0,792.0,16.825727789729285
723.0,767.0,13.7465024742687
855.0,723.0,13.133902170051211
724.0,806.0,8.288590505155089
829.0,724.0,4.563106835946775
724.0,918.0,4.139982734932744
751.0,725.0,9.382239853412601
725.0,803.0,5.118178838059379
804.0,726.0,3.9318513921984115
726.0,863.0,5.673951956517759
740.0,727.0,1.728219433227219
727.0,768.0,3.2957456336054745
727.0,883.0,7.363923888918701
727.0,889.0,11.840493266466328
728.0,840.0,4.733025813290952
728.0,861.0,14.447533848755288
773.0,729.0,10.380998861157355
729.0,840.0,41.17994577269532
891.0,729.0,32.407458668680725
729.0,914.0,19.481030696844815
729.0,865.0,14.579012675187798
730.0,815.0,16.05637450596421
730.0,843.0,6.988292083486921
730.0,901.0,13.344792642210408
731.0,747.0,12.451740171891329
774.0,731.0,6.894760332023784
731.0,906.0,8.230709789360397
915.0,731.0,5.5914429051759535
732.0,816.0,13.18434098922963
855.0,732.0,7.097917271302052
733.0,815.0,15.642955923681306
779.0,734.0,5.2832302051811295
734.0,846.0,5.757068962441719
734.0,878.0,16.93632596642619
735.0,845.0,35.636678931914155
900.0,735.0,25.07690565141683
736.0,808.0,23.162964606905515
736.0,822.0,83.61040272235586
736.0,1066.0,59.59179293646685
808.0,736.0,23.162964606905515
737.0,837.0,14.517604680527132
841.0,737.0,6.484199412233721
766.0,738.0,52.796810637861896
738.0,911.0,8.59709814075473
738.0,773.0,23.106176358630098
738.0,863.0,25.522215360400033
748.0,738.0,9.804162211552864
776.0,738.0,10.400704867529907
738.0,883.0,15.839054663511527
739.0,751.0,25.965971228625605
739.0,794.0,18.52369017586766
877.0,739.0,21.567937433248897
739.0,904.0,26.609827081700903
758.0,739.0,4.952077068887313
844.0,739.0,5.393158342219948
846.0,740.0,9.643960105620705
740.0,847.0,12.428982740874378
741.0,855.0,8.564844774371199
904.0,741.0,4.704643247450609
742.0,833.0,8.233561432730733
834.0,742.0,3.591377569149128
742.0,875.0,7.918186878113197
742.0,894.0,4.620650534733591
743.0,855.0,23.774611472778243
829.0,743.0,10.608264968113694
743.0,876.0,31.309499315820815
743.0,795.0,7.370749524123185
880.0,743.0,4.118110424500481
849.0,744.0,31.152621128643315
744.0,876.0,15.267136226289567
745.0,751.0,10.628020802033918
805.0,745.0,14.947507318885082
882.0,745.0,6.424176823327551
751.0,745.0,10.628020802033918
745.0,812.0,66.57705505012288
745.0,777.0,13.400186598382302
919.0,746.0,22.70776668224899
747.0,801.0,16.73065580187094
890.0,747.0,8.65298682472635
748.0,843.0,6.653106140851045
748.0,847.0,8.75754054588903
752.0,749.0,46.6354624222611
1012.0,749.0,75.25307230174148
749.0,825.0,44.420918507670336
1206.0,749.0,40.65578050180157
749.0,910.0,17.901388208680242
750.0,865.0,13.488773041963363
871.0,751.0,21.773568505971788
822.0,752.0,39.91546738677108
752.0,788.0,14.878888822861459
752.0,887.0,13.700267204358617
753.0,800.0,5.510633353032557
754.0,789.0,11.779011449618178
754.0,917.0,4.292556502280073
755.0,811.0,13.610217639421148
860.0,755.0,10.773578589220413
867.0,756.0,40.839180255342676
756.0,909.0,28.296457506557342
758.0,757.0,7.515306984885876
757.0,824.0,7.224490841122959
758.0,915.0,6.8104274158952025
771.0,759.0,18.773092462786874
759.0,916.0,9.76061149204539
759.0,920.0,12.986971377438344
828.0,760.0,28.700086563253798
760.0,832.0,30.598100401398032
760.0,909.0,39.22206201569444
761.0,844.0,8.113924053216328
761.0,848.0,13.910197126244944
762.0,776.0,6.931035987252945
762.0,838.0,4.787847506127171
762.0,878.0,7.350639184534493
763.0,834.0,4.635055906270951
763.0,848.0,5.343347466751075
763.0,886.0,8.927545279701679
764.0,781.0,28.921794670407767
814.0,764.0,12.704358118251717
874.0,764.0,9.767232152967622
765.0,772.0,18.86656399071744
765.0,817.0,15.749778366855132
766.0,825.0,37.24891071486769
907.0,766.0,26.81392790476039
768.0,810.0,1.680468233550892
768.0,912.0,3.4194370664489044
769.0,834.0,13.677547064336318
769.0,864.0,8.89613357220826
803.0,770.0,9.436029846057762
770.0,824.0,11.303331651786376
770.0,848.0,16.44792267514621
770.0,859.0,4.124442153845424
815.0,771.0,19.32532890402529
773.0,914.0,12.036465854635864
773.0,917.0,9.962526306279639
879.0,773.0,7.402875685985706
774.0,809.0,10.12804538583556
774.0,813.0,16.475002776733366
844.0,774.0,7.063144402929916
775.0,898.0,21.550254009314127
1098.0,775.0,40.1663754127837
854.0,776.0,7.053783728110579
777.0,784.0,24.589497480787465
824.0,777.0,18.391814642929035
777.0,890.0,25.41066045387175
814.0,778.0,7.979330441381787
778.0,893.0,24.56460823557617
779.0,783.0,5.181665195293589
779.0,811.0,15.756228026302235
779.0,889.0,15.905537800841055
780.0,856.0,24.929762865669844
907.0,780.0,22.47568336436139
780.0,1211.0,24.316353319324843
781.0,869.0,11.13166825227467
782.0,885.0,32.69239158402724
782.0,905.0,21.685132729358706
783.0,851.0,29.465419766575266
783.0,852.0,6.980141391724169
784.0,860.0,17.83620010420449
785.0,790.0,16.124130554347122
810.0,785.0,4.5309493355180095
823.0,786.0,19.48458559529487
787.0,793.0,14.659954059573284
787.0,920.0,20.34662504889892
827.0,788.0,23.96707434716892
920.0,789.0,12.971542785409733
790.0,818.0,12.483443679513636
790.0,841.0,5.372016951982161
801.0,791.0,26.016613742991876
791.0,876.0,27.287600867331143
792.0,908.0,30.77222049169796
794.0,829.0,23.336764625636203
794.0,875.0,13.527772946768179
888.0,794.0,4.707573927557966
795.0,918.0,8.980555885766387
823.0,796.0,19.77987134547559
796.0,887.0,27.3799373343466
898.0,796.0,34.97710186781816
797.0,812.0,38.08893208584044
797.0,829.0,26.389852024887755
858.0,797.0,9.69449136515083
797.0,895.0,13.451021068717157
811.0,798.0,15.791579583711387
861.0,798.0,29.29571907781952
799.0,875.0,16.809207495668872
800.0,873.0,19.144363813815872
802.0,910.0,19.508636816924266
1213.0,802.0,15.765282532250904
872.0,803.0,2.6994690647164328
804.0,810.0,4.706467701792477
804.0,854.0,7.012594118814126
804.0,901.0,9.562776900083659
805.0,870.0,38.21540066790022
871.0,805.0,6.5599680349838225
806.0,839.0,23.988477816380943
806.0,864.0,2.0738476863218285
807.0,858.0,50.21301282335232
807.0,855.0,15.887662621129635
885.0,807.0,25.809762308397477
807.0,904.0,26.940686558336118
855.0,807.0,15.887662621129635
808.0,867.0,4.6261916860234304
931.0,808.0,26.625419198752535
809.0,833.0,5.720247577577141
809.0,859.0,4.454187959484362
809.0,892.0,8.233561129735405
810.0,826.0,17.256924422685127
810.0,878.0,8.153118015482665
851.0,811.0,26.615436152321504
855.0,812.0,15.238646834167481
812.0,877.0,23.99295723386357
812.0,882.0,72.28317044705742
812.0,885.0,41.191789694175085
904.0,812.0,7.81167388544641
812.0,839.0,12.136386819658938
903.0,812.0,8.089717717431341
880.0,813.0,5.553969325877296
816.0,831.0,6.574109260497189
817.0,836.0,22.269140606590422
818.0,819.0,8.67858239778423
818.0,835.0,12.034306827325805
818.0,843.0,16.052602792411736
819.0,889.0,9.746452015471343
820.0,821.0,3.7902982080280894
820.0,914.0,3.7915622019858297
821.0,843.0,10.02936323521958
821.0,878.0,8.579060171427749
822.0,1085.0,57.027296489904074
898.0,822.0,31.80484987180155
825.0,836.0,26.067554890375725
825.0,897.0,24.129109709482393
828.0,826.0,26.58050222148873
826.0,852.0,10.833409339403879
853.0,826.0,13.06508213649898
827.0,1087.0,19.504749065993437
829.0,855.0,19.29173715578279
829.0,904.0,9.291245828174137
877.0,829.0,9.821555571174269
906.0,829.0,4.7158059196008635
830.0,848.0,4.383161206153546
830.0,868.0,4.91649347968304
830.0,875.0,10.663024463671398
831.0,833.0,13.11788428360451
831.0,918.0,8.90034995655661
871.0,832.0,19.626982212205686
909.0,832.0,26.11976912006124
834.0,906.0,9.27784886721427
835.0,846.0,5.149527559304483
837.0,873.0,13.699101310790363
837.0,889.0,16.595086827681584
902.0,838.0,4.719601500188352
838.0,916.0,14.334547641340315
885.0,839.0,29.07113756562151
840.0,921.0,27.745904527552785
842.0,852.0,27.84643112324583
870.0,842.0,13.09062952735768
843.0,912.0,7.107290728900159
845.0,893.0,27.69411343772503
846.0,851.0,39.8337410135837
863.0,846.0,17.684589059479563
846.0,881.0,24.692988954817753
846.0,917.0,36.99328374555845
850.0,846.0,5.047460077129891
847.0,902.0,6.1427253485294555
848.0,884.0,8.918082976594185
850.0,857.0,5.108237255211742
850.0,901.0,10.179380255330642
882.0,851.0,16.82508096425041
870.0,851.0,15.57794258246825
851.0,870.0,15.57794258246825
853.0,881.0,5.508867820017908
896.0,856.0,18.870690557920646
856.0,1211.0,41.21853900532984
857.0,912.0,6.672396096286566
858.0,877.0,23.05323627872196
858.0,893.0,35.75576076632653
862.0,900.0,20.814780550798076
865.0,891.0,20.94231750565742
893.0,866.0,41.87637962278521
866.0,1066.0,68.16556494154526
868.0,895.0,10.012735357564937
871.0,882.0,23.11763816010333
899.0,876.0,22.928916067714333
877.0,884.0,4.3598571620258255
877.0,894.0,2.8537071899484334
879.0,902.0,3.839687889863876
881.0,908.0,7.836891902517075
886.0,888.0,4.8239763640014885
892.0,888.0,3.295143603869694
911.0,891.0,40.89424244945373
895.0,892.0,7.322396548705407
1236.0,897.0,18.722112711883536
905.0,899.0,34.70058591600488
910.0,1013.0,18.62976414294599
911.0,914.0,22.12049973498648
911.0,917.0,8.362308331420195
911.0,916.0,4.560004441421411
914.0,921.0,61.575505959031496
939.0,922.0,12.994174211073005
990.0,922.0,18.449838985140023
922.0,1098.0,29.804123420090114
923.0,1030.0,48.070108365617514
955.0,923.0,4.3462694380623885
923.0,1104.0,13.05441989227706
924.0,1007.0,32.7600100921362
924.0,1013.0,7.453247208458109
1034.0,924.0,5.634585813374745
1054.0,925.0,11.981999367273216
925.0,1081.0,7.574290204068617
926.0,974.0,11.681307142802854
1102.0,926.0,13.173703524137432
927.0,1012.0,9.459775053271509
927.0,1144.0,6.563931544556365
928.0,969.0,10.410506768459523
928.0,980.0,11.14262343955218
928.0,1020.0,7.16780946659529
929.0,1109.0,14.940353671313433
1110.0,929.0,4.383683535216087
929.0,1129.0,6.862415460697662
962.0,930.0,5.894559561142156
930.0,1008.0,12.729055631840803
930.0,1030.0,13.272937165153127
930.0,1042.0,5.1151270316787745
930.0,1116.0,6.571843071354241
931.0,1066.0,25.030062174651714
932.0,953.0,7.003593593016732
932.0,1059.0,24.77181630397059
1065.0,932.0,12.048038070829131
933.0,996.0,5.011234627258665
933.0,1035.0,5.728757783245936
933.0,1046.0,12.979434358976164
933.0,1148.0,20.07877349651375
988.0,934.0,2.4158417773602014
934.0,1023.0,6.62641750920795
934.0,1041.0,4.44651732427964
934.0,1095.0,8.187359264174448
1066.0,935.0,37.61767825928304
938.0,936.0,57.105380649885625
947.0,936.0,16.270069039730043
936.0,1120.0,16.359701956737204
936.0,1176.0,55.79056399153826
936.0,982.0,6.643967268108724
1148.0,936.0,9.790491221188198
940.0,937.0,18.848634255993407
937.0,1147.0,80.94365729442441
981.0,937.0,13.402017339071675
937.0,1009.0,26.273366284783634
1134.0,937.0,9.066379860725595
937.0,970.0,6.206156968697943
937.0,1126.0,20.14153568822794
938.0,956.0,31.305221028548697
938.0,1039.0,18.352115647801217
1123.0,938.0,17.06401706787308
1012.0,940.0,18.86190384691908
1030.0,940.0,7.242070170017964
1102.0,940.0,14.218306012375573
940.0,962.0,14.734601688341062
1088.0,940.0,9.502911183958128
941.0,963.0,7.711555374884258
941.0,1052.0,14.528562175230205
942.0,959.0,14.086399254991324
942.0,1006.0,10.983145570243988
1067.0,942.0,5.101964837255088
942.0,1109.0,3.953647534661815
943.0,944.0,20.517378299173274
943.0,1008.0,11.489550105017257
943.0,1024.0,12.965482492014715
1056.0,943.0,5.607725138604865
944.0,1105.0,4.742980118649945
945.0,959.0,17.875063967520564
1044.0,945.0,12.29526803185481
945.0,1118.0,9.681645206783422
946.0,980.0,7.793226723879794
1010.0,946.0,3.026390736083459
1051.0,946.0,3.247701326921878
947.0,996.0,21.621274023522936
947.0,998.0,28.179880689164435
947.0,1142.0,9.823107697322365
1018.0,947.0,4.897018255793602
983.0,948.0,15.799246412921613
949.0,1046.0,14.334194358020184
949.0,1072.0,12.9227600745034
949.0,1103.0,6.912592843859797
1085.0,950.0,22.325884161248528
950.0,1137.0,17.50934287725489
951.0,969.0,13.709545130977391
951.0,1057.0,10.687792371983017
951.0,1090.0,11.56469276418929
951.0,1127.0,3.226105449824824
979.0,952.0,8.189442737592689
1133.0,952.0,24.063365453772825
953.0,957.0,7.5297167675807515
999.0,954.0,16.550541822947977
1015.0,954.0,42.51626926946067
1132.0,954.0,6.63467244256955
955.0,1118.0,25.577776086842093
955.0,1127.0,13.002708943366468
957.0,973.0,24.687877570151215
957.0,999.0,20.47841605153714
957.0,1009.0,45.71831467480425
957.0,1062.0,13.813629527874696
1143.0,957.0,13.072634140471958
958.0,1045.0,23.099310047274493
1136.0,958.0,6.660937643159301
959.0,1025.0,7.327079701467212
959.0,1141.0,21.98279211392805
960.0,981.0,6.568521145526772
960.0,1024.0,9.124102410634409
960.0,1097.0,3.700004512230746
961.0,974.0,25.169413472051993
961.0,988.0,24.07174407822285
1038.0,961.0,16.591129250612138
962.0,1119.0,9.05328557664616
962.0,1146.0,7.6174040636092375
963.0,1142.0,6.576147607053119
964.0,1029.0,12.657110536169865
964.0,1059.0,12.870040644041547
964.0,1140.0,15.632335670845034
965.0,1019.0,4.142435247392699
965.0,1051.0,5.804638195567937
965.0,1058.0,2.9494197233227846
965.0,1095.0,5.546741200267661
965.0,1115.0,6.207318684846866
1024.0,966.0,5.158760158947645
966.0,1028.0,13.276562298096731
1042.0,966.0,5.709492400438397
966.0,1058.0,11.007099816345999
967.0,1067.0,4.487186042174899
967.0,1119.0,7.137639068391258
1061.0,968.0,20.381693410767248
968.0,993.0,23.612974855434274
969.0,972.0,4.375929701931465
969.0,986.0,3.8617769373659168
969.0,1025.0,4.262059300285602
970.0,1008.0,11.14335206791024
970.0,1117.0,12.961073226587494
971.0,1002.0,8.13276888147331
1071.0,971.0,7.331203239933974
972.0,1055.0,7.923850736806493
972.0,1112.0,13.129481586828046
974.0,1101.0,18.726669448840248
974.0,1108.0,20.0964941569854
1043.0,975.0,4.72376968944107
975.0,1073.0,4.513903358634514
975.0,1124.0,8.90744101718186
1002.0,976.0,5.9304166199982244
976.0,1131.0,12.011100640741134
986.0,977.0,3.8621144103698803
977.0,1059.0,8.237514801425391
977.0,1091.0,5.915311360267864
978.0,1049.0,11.159673950982507
978.0,1125.0,6.332058087543767
1146.0,978.0,3.4717791846863237
979.0,993.0,43.21965988611344
980.0,1005.0,4.739989475352493
981.0,1096.0,44.67399017319261
1105.0,981.0,9.352906735762602
981.0,1085.0,52.08558302944936
981.0,1143.0,46.235272224759335
1120.0,982.0,12.437716221017329
1068.0,983.0,21.135380663273658
1084.0,983.0,16.597388186720938
985.0,1000.0,13.022286184470376
1035.0,985.0,11.91372545030486
985.0,1039.0,44.96008626829687
1081.0,985.0,15.845731878898256
986.0,1064.0,10.52305968530682
1096.0,986.0,5.469851101104944
987.0,1035.0,18.030205270879115
987.0,1044.0,17.95016228099102
1112.0,987.0,11.179509922060436
987.0,1131.0,19.750794154310153
1097.0,988.0,3.7702159499248973
1117.0,988.0,4.942210513680253
1003.0,989.0,5.00749026653781
989.0,1046.0,13.84931450886504
989.0,1079.0,10.272531664589097
989.0,1109.0,9.456077197585389
990.0,1133.0,23.32393973412902
991.0,1120.0,15.544269089424766
991.0,1142.0,39.181817230623324
1153.0,991.0,109.51303466104962
991.0,1054.0,10.415994591454906
1095.0,992.0,4.294089077425171
992.0,1128.0,3.2116384904282564
994.0,996.0,14.344623149464718
1081.0,994.0,8.309435317837915
994.0,1135.0,7.559914092540893
995.0,1058.0,6.097783853259771
995.0,1089.0,9.542842370504184
1002.0,996.0,14.149927956046438
996.0,1110.0,38.151093491371746
996.0,1076.0,7.172627343781227
1000.0,997.0,6.100293076665521
997.0,1072.0,12.955695357076555
997.0,1123.0,5.786095016552401
998.0,1002.0,11.009997875858708
1012.0,998.0,14.67927897603727
998.0,1030.0,17.837977706733064
998.0,1073.0,3.171688593420725
999.0,1053.0,56.73696388504533
1033.0,999.0,6.594987862354097
1000.0,1118.0,7.257896131685944
1001.0,1032.0,4.596649185174709
1001.0,1057.0,14.472062724204958
1082.0,1001.0,3.9217620945426592
1002.0,1120.0,43.92877972910423
1002.0,1012.0,14.301960628806839
1002.0,1134.0,38.69917000108861
1092.0,1002.0,5.465710402361869
1076.0,1003.0,7.132765679819445
1003.0,1131.0,5.395296454688046
1004.0,1045.0,12.667928537558378
1004.0,1057.0,19.06646452278448
1004.0,1097.0,13.20853144396119
1019.0,1005.0,2.9484874922537285
1005.0,1079.0,6.550010210792487
1119.0,1005.0,7.23787858954204
1005.0,1128.0,4.953133884896775
1043.0,1006.0,4.3808849727302634
1116.0,1006.0,7.165904213922181
1007.0,1038.0,23.01840189522127
1008.0,1139.0,6.186803257498752
1105.0,1009.0,7.153372600546438
1114.0,1009.0,13.314966879157963
1010.0,1102.0,42.0614198285031
1010.0,1055.0,2.2571913220372606
1011.0,1012.0,7.225689820595327
1011.0,1028.0,24.580356350733208
1012.0,1096.0,53.79802979218882
1142.0,1012.0,24.443504342129135
1014.0,1048.0,11.655568643477071
1014.0,1086.0,23.310777911749895
1122.0,1014.0,25.186400432680706
1145.0,1014.0,24.855006524473428
1015.0,1075.0,42.381603834086434
1016.0,1065.0,11.094838510427664
1074.0,1016.0,11.688046927821112
1016.0,1107.0,11.826308571860356
1017.0,1057.0,12.829091534135186
1017.0,1078.0,10.077986293393591
1104.0,1017.0,6.029583003212156
1135.0,1018.0,5.554362146221717
1018.0,1148.0,6.245434783317696
1019.0,1113.0,9.741252578689513
1019.0,1117.0,13.785327707117693
1050.0,1020.0,3.3330240940503564
1020.0,1067.0,9.143033261747894
1142.0,1021.0,10.581496953161285
1021.0,1157.0,15.782327496228088
1031.0,1022.0,12.699592093393855
1022.0,1038.0,23.265305822254774
1137.0,1022.0,12.766596522374403
1024.0,1023.0,3.2261039540959127
1023.0,1125.0,14.244620809899748
1024.0,1077.0,8.62767751245715
1025.0,1099.0,4.225229091045631
1025.0,1106.0,14.8635136284007
1073.0,1026.0,4.376802431700182
1026.0,1131.0,8.978715073220247
1026.0,1144.0,9.701621223188406
1027.0,1049.0,12.121389041524273
1115.0,1027.0,3.016219719323441
1027.0,1139.0,8.24521412578337
1047.0,1028.0,8.743908205227001
1028.0,1124.0,13.999298728250166
1029.0,1041.0,9.282597634841323
1029.0,1051.0,11.050550472755322
1029.0,1064.0,6.721798567272026
1029.0,1099.0,7.977135752769127
1030.0,1143.0,63.94046712128124
1134.0,1030.0,11.989310097502974
1126.0,1031.0,13.73083728522089
1062.0,1032.0,7.12721415070513
1032.0,1130.0,4.096459099966529
1065.0,1033.0,4.328670155258407
1034.0,1052.0,10.080005861300261
1052.0,1036.0,15.142141717407435
1036.0,1088.0,12.047526748999694
1037.0,1046.0,8.575169073746121
1037.0,1073.0,14.854158921115445
1037.0,1135.0,19.92448188803426
1038.0,1048.0,46.21099904452929
1039.0,1121.0,26.004156831413795
1075.0,1040.0,41.043352896957494
1040.0,1121.0,25.265069975689503
1042.0,1106.0,4.875438270028719
1043.0,1076.0,9.733089565861455
1043.0,1092.0,10.781900816795476
1060.0,1044.0,11.134544538893232
1045.0,1064.0,15.756785443825068
1047.0,1052.0,23.443077276192497
1047.0,1134.0,20.13868308895816
1144.0,1047.0,5.040527356107591
1100.0,1048.0,19.200563937631895
1106.0,1049.0,5.381591069429744
1049.0,1117.0,5.380006709045263
1050.0,1055.0,8.879818595443183
1050.0,1103.0,8.405314767186905
1050.0,1113.0,11.659569838356086
1051.0,1067.0,8.885348879227736
1086.0,1053.0,14.1270210918822
1094.0,1053.0,44.77802710349669
1105.0,1053.0,38.48130934625012
1053.0,1136.0,14.643110973409243
1055.0,1058.0,5.311336164977408
1055.0,1128.0,2.2603894784403313
1056.0,1078.0,6.384382650023627
1057.0,1090.0,9.989480559322672
1059.0,1130.0,10.590246222551222
1110.0,1060.0,5.814506725587089
1061.0,1147.0,47.73277822604059
1061.0,1083.0,19.0403816606402
1088.0,1063.0,14.091576918336257
1063.0,1101.0,13.944219534175256
1089.0,1064.0,6.154782101017859
1065.0,1132.0,20.82648142859348
1067.0,1124.0,5.884367175879101
1068.0,1098.0,19.584456284434417
1121.0,1069.0,7.446473183683584
1135.0,1071.0,4.962871929515873
1072.0,1076.0,11.1580412024966
1143.0,1074.0,8.685697724566328
1075.0,1132.0,39.59724170936093
1077.0,1146.0,3.114483888142601
1089.0,1078.0,5.24387748481965
1078.0,1115.0,5.590844658221932
1079.0,1106.0,9.13075444570001
1079.0,1124.0,4.469231489356688
1108.0,1080.0,21.248406290156495
1137.0,1080.0,19.448491406206657
1082.0,1091.0,15.701632211693923
1083.0,1145.0,17.50182913030746
1084.0,1122.0,50.48233934308745
1102.0,1085.0,55.38644310849621
1085.0,1137.0,13.803551579809106
1086.0,1093.0,15.177873141645572
1086.0,1147.0,9.383657328757545
1101.0,1087.0,25.518561033111634
1089.0,1114.0,26.806767079346315
1090.0,1143.0,10.019256250342627
1091.0,1113.0,12.146134423990992
1093.0,1111.0,7.715243223027297
1094.0,1100.0,16.011926519065284
1106.0,1095.0,4.953193949014998
1097.0,1140.0,7.933298914726509
1104.0,1099.0,5.060796197887415
1102.0,1134.0,8.514192965422078
1103.0,1131.0,12.091008554226107
1104.0,1113.0,9.586392834883577
1111.0,1107.0,42.906243455081075
1109.0,1112.0,4.601583776803428
1116.0,1131.0,11.605011548865466
1125.0,1134.0,6.419872076653126
1130.0,1127.0,4.837038607626464
1128.0,1139.0,11.084472339531523
1129.0,1134.0,51.17552440629344
1130.0,1141.0,11.007975041292585
1134.0,1142.0,53.16615716881087
1139.0,1140.0,6.042518854597693
1149.0,1152.0,20.425216097456442
1149.0,1177.0,18.034577613110947
1149.0,1237.0,60.03493896582522
1152.0,1150.0,19.516676466366786
1158.0,1150.0,14.388638849984385
1174.0,1151.0,13.408657991872786
1151.0,1209.0,10.132208540978647
1208.0,1153.0,55.057031290811985
1153.0,1170.0,8.267871591935563
1234.0,1153.0,29.11422260587823
1154.0,1155.0,13.181459358590017
1154.0,1231.0,8.858037129787734
1155.0,1165.0,10.865596199714764
1156.0,1185.0,27.15394660889712
1199.0,1156.0,17.407193107442097
1157.0,1213.0,20.536329344138572
1200.0,1158.0,25.314690465634804
1158.0,1212.0,12.704774458363595
1183.0,1159.0,13.267328988890306
1196.0,1159.0,15.92897483243911
1160.0,1176.0,11.399058458919374
1213.0,1160.0,18.176166664927642
1172.0,1161.0,30.929372547951413
1161.0,1179.0,37.369257115969354
1161.0,1233.0,18.034987531217602
1162.0,1177.0,25.279484868010556
1221.0,1162.0,25.604612258557133
1219.0,1163.0,14.742951773021764
1163.0,1244.0,16.488264303918246
1164.0,1225.0,23.364679640117636
1164.0,1246.0,4.938941037929313
1165.0,1180.0,25.22443479279792
1229.0,1166.0,89.00894574288824
1166.0,1231.0,9.837494186437763
1166.0,1184.0,8.599969771105588
1166.0,1209.0,11.863396021791853
1166.0,1232.0,4.612429107696374
1167.0,1175.0,24.473388612432753
1167.0,1180.0,29.95928940624653
1167.0,1247.0,23.52899990011601
1167.0,1248.0,33.54395973049191
1169.0,1168.0,41.97593850540649
1168.0,1181.0,14.771124532525162
1168.0,1222.0,20.917669920922847
1169.0,1244.0,36.3687346345676
1170.0,1219.0,12.097307524830956
1171.0,1187.0,29.127090007607606
1171.0,1224.0,23.374342141818794
1171.0,1245.0,49.593818956113395
1172.0,1248.0,14.1864388499019
1209.0,1173.0,9.77135740962354
1173.0,1231.0,9.516727722566909
1242.0,1174.0,19.693729228130213
1197.0,1175.0,26.637477402310896
1239.0,1176.0,22.62520918636108
1178.0,1194.0,16.340430008913383
1178.0,1227.0,19.755472057276176
1179.0,1199.0,23.22837807931415
1180.0,1196.0,28.541867021028445
1217.0,1180.0,25.709008493575574
1181.0,1191.0,14.653192941265551
1219.0,1182.0,17.010620035772085
1221.0,1182.0,47.27729002664083
1183.0,1203.0,30.306311672676447
1183.0,1240.0,24.831271856163124
1199.0,1184.0,13.067396704874305
1185.0,1193.0,30.48792655657177
1185.0,1247.0,31.40256506596812
1186.0,1204.0,16.556121729920715
1230.0,1186.0,20.96550966445918
1187.0,1208.0,28.215805606699902
1224.0,1187.0,19.42277162242382
1188.0,1201.0,12.306450908784349
1188.0,1235.0,13.351850677525912
1192.0,1189.0,5.669485938090731
1190.0,1208.0,5.9788591551111265
1222.0,1190.0,20.16032633107883
1210.0,1191.0,30.46719962252212
1191.0,1228.0,24.455890372210447
1240.0,1192.0,22.398790173996304
1193.0,1243.0,4.968159762136116
1194.0,1205.0,57.134428628427905
1238.0,1194.0,14.061954721653233
1212.0,1195.0,13.956294076424552
1197.0,1216.0,30.340023741647205
1233.0,1197.0,17.591916150643197
1222.0,1198.0,13.027738479415147
1201.0,1232.0,11.42366156582384
1202.0,1204.0,27.19247660723167
1245.0,1202.0,23.195346970598376
1203.0,1217.0,54.57923162918222
1214.0,1205.0,30.08959285668026
1205.0,1229.0,23.906408421653904
1206.0,1236.0,7.363908007710313
1206.0,1250.0,25.3768677989938
1207.0,1218.0,30.961914059573513
1207.0,1247.0,22.149348869937306
1235.0,1209.0,10.913705077091201
1210.0,1234.0,25.442886281809827
1211.0,1249.0,9.912855315354616
1214.0,1229.0,29.235715321104244
1238.0,1214.0,25.38129745990974
1229.0,1215.0,16.304470828785586
1241.0,1215.0,24.63938848487197
1247.0,1216.0,22.841752908796444
1217.0,1226.0,10.813595452343112
1227.0,1218.0,15.875353552477277
1219.0,1228.0,25.433329152377596
1220.0,1231.0,45.25909610278055
1224.0,1220.0,25.199676966354133
1221.0,1245.0,33.22335034399655
1223.0,1225.0,23.362448703650337
1223.0,1236.0,21.058452105331767
1223.0,1237.0,22.115384065805458
1239.0,1223.0,22.137192643134906
1243.0,1226.0,8.195717698103463
1230.0,1240.0,33.18142559904105
1231.0,1243.0,74.42014951658366
1248.0,1232.0,12.027031350764897
1233.0,1241.0,14.056142745188264
1235.0,1242.0,36.45013017744547
,,
,,
,,
,,
,,
,,
,,
,,
,,
,,
,,
,,
,,
,,
,,
,,
,,
,,
,,
,,
,,
,,
,,
,,
,,
,,
,,
,,
,,
,,
,,
,,
,,
,,
,,
,,
,,
,,
,,
,,
,,
,,
,,
,,
,,
,,
,,
,,
,,
,,
,,
,,
,,
,,
,,
,,
,,
,,
,,
,,
,,
,,
,,
,,
,,
,,
,,
,,
,,
,,
,,
,,
,,
,,
,,
,,
,,
,,
,,
,,
,,
,,
,,
,,
,,
,,
,,
,,
,,
,,
,,
,,
,,
,,
,,
,,
,,
,,
,,
,,
,,
,,
,,
,,
,,
,,
,,
,,
,,
,,
,,
,,
,,
,,
,,
,,
,,
,,
,,
,,
,,
,,
,,
,,
,,
,,
,,
,,
,,
,,
,,
,,
,,
,,
,,
,,
,,
,,
,,
,,
,,
,,
,,
,,
,,
,,
,,
,,
,,
,,
,,
,,
,,
,,
,,
,,
,,
,,
,,
,,
,,
,,
,,
,,
,,
,,
,,
,,
,,
,,
,,
,,
,,
,,
,,
,,
,,
,,
,,
,,
,,
,,
,,
,,
,,
,,
,,
,,
,,
,,
,,
,,
,,
,,
,,
,,
,,
,,
,,
,,
