[{"id": "[2].10.1.85994", "label": "10_firewall", "utility": [2], "substation_number": 10, "type": "firewall", "ipv4": "10.10.10.1", "VLAN": 1, "OSI_layer": 7, "acl": " "}, {"id": "[2].10.1.67486", "label": "10_switch", "utility": [2], "substation_number": 10, "type": "switch", "ipv4": "10.10.10.2", "VLAN": 1, "OSI_layer": 2, "table": " "}, {"id": "[2].10.1.3836", "label": "10_relay", "utility": [2], "substation_number": 10, "type": "relay", "ipv4": "10.10.10.4", "VLAN": 1, "OSI_layer": 3}, {"id": "[2].10.1.34331", "label": "10_relay", "utility": [2], "substation_number": 10, "type": "relay", "ipv4": "10.10.10.5", "VLAN": 1, "OSI_layer": 3}, {"source": "[2].10.1.85994", "target": "[2].10.1.67486", "type": "serial", "bandwidth": 10000000}, {"source": "[2].10.1.67486", "target": "[2].10.1.42053", "type": "serial", "bandwidth": 10000000}, {"source": "[2].10.1.42053", "target": "[2].10.1.3836", "type": "serial", "bandwidth": 10000000}, {"source": "[2].10.1.42053", "target": "[2].10.1.34331", "type": "serial", "bandwidth": 10000000}]