[{"id": "[2].11.1.88353", "label": "11_firewall", "utility": [2], "substation_number": 11, "type": "firewall", "ipv4": "10.10.10.1", "VLAN": 1, "OSI_layer": 7, "acl": " "}, {"id": "[2].11.1.93647", "label": "11_switch", "utility": [2], "substation_number": 11, "type": "switch", "ipv4": "10.10.10.2", "VLAN": 1, "OSI_layer": 2, "table": " "}, {"id": "[2].11.1.80834", "label": "11_relay", "utility": [2], "substation_number": 11, "type": "relay", "ipv4": "10.10.10.4", "VLAN": 1, "OSI_layer": 3}, {"id": "[2].11.1.53817", "label": "11_relay", "utility": [2], "substation_number": 11, "type": "relay", "ipv4": "10.10.10.5", "VLAN": 1, "OSI_layer": 3}, {"source": "[2].11.1.88353", "target": "[2].11.1.93647", "type": "serial", "bandwidth": 10000000}, {"source": "[2].11.1.93647", "target": "[2].11.1.54305", "type": "serial", "bandwidth": 10000000}, {"source": "[2].11.1.54305", "target": "[2].11.1.80834", "type": "serial", "bandwidth": 10000000}, {"source": "[2].11.1.54305", "target": "[2].11.1.53817", "type": "serial", "bandwidth": 10000000}]