[{"id": "[2].12.1.13640", "label": "12_firewall", "utility": [2], "substation_number": 12, "type": "firewall", "ipv4": "10.10.10.1", "VLAN": 1, "OSI_layer": 7, "acl": " "}, {"id": "[2].12.1.59167", "label": "12_switch", "utility": [2], "substation_number": 12, "type": "switch", "ipv4": "10.10.10.2", "VLAN": 1, "OSI_layer": 2, "table": " "}, {"id": "[2].12.1.54166", "label": "12_relay", "utility": [2], "substation_number": 12, "type": "relay", "ipv4": "10.10.10.4", "VLAN": 1, "OSI_layer": 3}, {"id": "[2].12.1.49718", "label": "12_relay", "utility": [2], "substation_number": 12, "type": "relay", "ipv4": "10.10.10.5", "VLAN": 1, "OSI_layer": 3}, {"source": "[2].12.1.13640", "target": "[2].12.1.59167", "type": "serial", "bandwidth": 10000000}, {"source": "[2].12.1.59167", "target": "[2].12.1.62764", "type": "serial", "bandwidth": 10000000}, {"source": "[2].12.1.62764", "target": "[2].12.1.54166", "type": "serial", "bandwidth": 10000000}, {"source": "[2].12.1.62764", "target": "[2].12.1.49718", "type": "serial", "bandwidth": 10000000}]