[{"id": "[2].13.1.87829", "label": "13_firewall", "utility": [2], "substation_number": 13, "type": "firewall", "ipv4": "10.10.10.1", "VLAN": 1, "OSI_layer": 7, "acl": " "}, {"id": "[2].13.1.83213", "label": "13_switch", "utility": [2], "substation_number": 13, "type": "switch", "ipv4": "10.10.10.2", "VLAN": 1, "OSI_layer": 2, "table": " "}, {"id": "[2].13.1.38942", "label": "13_relay", "utility": [2], "substation_number": 13, "type": "relay", "ipv4": "10.10.10.4", "VLAN": 1, "OSI_layer": 3}, {"id": "[2].13.1.47198", "label": "13_relay", "utility": [2], "substation_number": 13, "type": "relay", "ipv4": "10.10.10.5", "VLAN": 1, "OSI_layer": 3}, {"source": "[2].13.1.87829", "target": "[2].13.1.83213", "type": "serial", "bandwidth": 10000000}, {"source": "[2].13.1.83213", "target": "[2].13.1.93896", "type": "serial", "bandwidth": 10000000}, {"source": "[2].13.1.93896", "target": "[2].13.1.38942", "type": "serial", "bandwidth": 10000000}, {"source": "[2].13.1.93896", "target": "[2].13.1.47198", "type": "serial", "bandwidth": 10000000}]