[{"id": "[2].14.1.88976", "label": "14_firewall", "utility": [2], "substation_number": 14, "type": "firewall", "ipv4": "10.10.10.1", "VLAN": 1, "OSI_layer": 7, "acl": " "}, {"id": "[2].14.1.7799", "label": "14_switch", "utility": [2], "substation_number": 14, "type": "switch", "ipv4": "10.10.10.2", "VLAN": 1, "OSI_layer": 2, "table": " "}, {"id": "[2].14.1.37468", "label": "14_relay", "utility": [2], "substation_number": 14, "type": "relay", "ipv4": "10.10.10.4", "VLAN": 1, "OSI_layer": 3}, {"id": "[2].14.1.48738", "label": "14_relay", "utility": [2], "substation_number": 14, "type": "relay", "ipv4": "10.10.10.5", "VLAN": 1, "OSI_layer": 3}, {"source": "[2].14.1.88976", "target": "[2].14.1.7799", "type": "serial", "bandwidth": 10000000}, {"source": "[2].14.1.7799", "target": "[2].14.1.74751", "type": "serial", "bandwidth": 10000000}, {"source": "[2].14.1.74751", "target": "[2].14.1.37468", "type": "serial", "bandwidth": 10000000}, {"source": "[2].14.1.74751", "target": "[2].14.1.48738", "type": "serial", "bandwidth": 10000000}]