[{"id": "[2].15.1.42566", "label": "15_firewall", "utility": [2], "substation_number": 15, "type": "firewall", "ipv4": "10.10.10.1", "VLAN": 1, "OSI_layer": 7, "acl": " "}, {"id": "[2].15.1.46082", "label": "15_switch", "utility": [2], "substation_number": 15, "type": "switch", "ipv4": "10.10.10.2", "VLAN": 1, "OSI_layer": 2, "table": " "}, {"id": "[2].15.1.89824", "label": "15_relay", "utility": [2], "substation_number": 15, "type": "relay", "ipv4": "10.10.10.4", "VLAN": 1, "OSI_layer": 3}, {"id": "[2].15.1.70073", "label": "15_relay", "utility": [2], "substation_number": 15, "type": "relay", "ipv4": "10.10.10.5", "VLAN": 1, "OSI_layer": 3}, {"source": "[2].15.1.42566", "target": "[2].15.1.46082", "type": "serial", "bandwidth": 10000000}, {"source": "[2].15.1.46082", "target": "[2].15.1.5830", "type": "serial", "bandwidth": 10000000}, {"source": "[2].15.1.5830", "target": "[2].15.1.89824", "type": "serial", "bandwidth": 10000000}, {"source": "[2].15.1.5830", "target": "[2].15.1.70073", "type": "serial", "bandwidth": 10000000}]