[{"id": "[2].16.1.95452", "label": "16_firewall", "utility": [2], "substation_number": 16, "type": "firewall", "ipv4": "10.10.10.1", "VLAN": 1, "OSI_layer": 7, "acl": " "}, {"id": "[2].16.1.63377", "label": "16_switch", "utility": [2], "substation_number": 16, "type": "switch", "ipv4": "10.10.10.2", "VLAN": 1, "OSI_layer": 2, "table": " "}, {"id": "[2].16.1.11234", "label": "16_relay", "utility": [2], "substation_number": 16, "type": "relay", "ipv4": "10.10.10.4", "VLAN": 1, "OSI_layer": 3}, {"id": "[2].16.1.29968", "label": "16_relay", "utility": [2], "substation_number": 16, "type": "relay", "ipv4": "10.10.10.5", "VLAN": 1, "OSI_layer": 3}, {"source": "[2].16.1.95452", "target": "[2].16.1.63377", "type": "serial", "bandwidth": 10000000}, {"source": "[2].16.1.63377", "target": "[2].16.1.27759", "type": "serial", "bandwidth": 10000000}, {"source": "[2].16.1.27759", "target": "[2].16.1.11234", "type": "serial", "bandwidth": 10000000}, {"source": "[2].16.1.27759", "target": "[2].16.1.29968", "type": "serial", "bandwidth": 10000000}]