[{"id": "[2].17.1.97693", "label": "17_firewall", "utility": [2], "substation_number": 17, "type": "firewall", "ipv4": "10.10.10.1", "VLAN": 1, "OSI_layer": 7, "acl": " "}, {"id": "[2].17.1.11003", "label": "17_switch", "utility": [2], "substation_number": 17, "type": "switch", "ipv4": "10.10.10.2", "VLAN": 1, "OSI_layer": 2, "table": " "}, {"id": "[2].17.1.82216", "label": "17_relay", "utility": [2], "substation_number": 17, "type": "relay", "ipv4": "10.10.10.4", "VLAN": 1, "OSI_layer": 3}, {"id": "[2].17.1.59181", "label": "17_relay", "utility": [2], "substation_number": 17, "type": "relay", "ipv4": "10.10.10.5", "VLAN": 1, "OSI_layer": 3}, {"source": "[2].17.1.97693", "target": "[2].17.1.11003", "type": "serial", "bandwidth": 10000000}, {"source": "[2].17.1.11003", "target": "[2].17.1.98589", "type": "serial", "bandwidth": 10000000}, {"source": "[2].17.1.98589", "target": "[2].17.1.82216", "type": "serial", "bandwidth": 10000000}, {"source": "[2].17.1.98589", "target": "[2].17.1.59181", "type": "serial", "bandwidth": 10000000}]