[{"id": "[2].18.1.88868", "label": "18_firewall", "utility": [2], "substation_number": 18, "type": "firewall", "ipv4": "10.10.10.1", "VLAN": 1, "OSI_layer": 7, "acl": " "}, {"id": "[2].18.1.21616", "label": "18_switch", "utility": [2], "substation_number": 18, "type": "switch", "ipv4": "10.10.10.2", "VLAN": 1, "OSI_layer": 2, "table": " "}, {"id": "[2].18.1.7253", "label": "18_relay", "utility": [2], "substation_number": 18, "type": "relay", "ipv4": "10.10.10.4", "VLAN": 1, "OSI_layer": 3}, {"id": "[2].18.1.60285", "label": "18_relay", "utility": [2], "substation_number": 18, "type": "relay", "ipv4": "10.10.10.5", "VLAN": 1, "OSI_layer": 3}, {"source": "[2].18.1.88868", "target": "[2].18.1.21616", "type": "serial", "bandwidth": 10000000}, {"source": "[2].18.1.21616", "target": "[2].18.1.47531", "type": "serial", "bandwidth": 10000000}, {"source": "[2].18.1.47531", "target": "[2].18.1.7253", "type": "serial", "bandwidth": 10000000}, {"source": "[2].18.1.47531", "target": "[2].18.1.60285", "type": "serial", "bandwidth": 10000000}]