[{"id": "[2].19.1.15279", "label": "19_firewall", "utility": [2], "substation_number": 19, "type": "firewall", "ipv4": "10.10.10.1", "VLAN": 1, "OSI_layer": 7, "acl": " "}, {"id": "[2].19.1.93366", "label": "19_switch", "utility": [2], "substation_number": 19, "type": "switch", "ipv4": "10.10.10.2", "VLAN": 1, "OSI_layer": 2, "table": " "}, {"id": "[2].19.1.80850", "label": "19_relay", "utility": [2], "substation_number": 19, "type": "relay", "ipv4": "10.10.10.4", "VLAN": 1, "OSI_layer": 3}, {"id": "[2].19.1.33067", "label": "19_relay", "utility": [2], "substation_number": 19, "type": "relay", "ipv4": "10.10.10.5", "VLAN": 1, "OSI_layer": 3}, {"source": "[2].19.1.15279", "target": "[2].19.1.93366", "type": "serial", "bandwidth": 10000000}, {"source": "[2].19.1.93366", "target": "[2].19.1.28814", "type": "serial", "bandwidth": 10000000}, {"source": "[2].19.1.28814", "target": "[2].19.1.80850", "type": "serial", "bandwidth": 10000000}, {"source": "[2].19.1.28814", "target": "[2].19.1.33067", "type": "serial", "bandwidth": 10000000}]