[{"id": "[2].1.1.89119", "label": "1_firewall", "utility": [2], "substation_number": 1, "type": "firewall", "ipv4": "10.10.10.1", "VLAN": 1, "OSI_layer": 7, "acl": " "}, {"id": "[2].1.1.63902", "label": "1_switch", "utility": [2], "substation_number": 1, "type": "switch", "ipv4": "10.10.10.2", "VLAN": 1, "OSI_layer": 2, "table": " "}, {"id": "[2].1.1.85644", "label": "1_relay", "utility": [2], "substation_number": 1, "type": "relay", "ipv4": "10.10.10.4", "VLAN": 1, "OSI_layer": 3}, {"id": "[2].1.1.65381", "label": "1_relay", "utility": [2], "substation_number": 1, "type": "relay", "ipv4": "10.10.10.5", "VLAN": 1, "OSI_layer": 3}, {"source": "[2].1.1.89119", "target": "[2].1.1.63902", "type": "serial", "bandwidth": 10000000}, {"source": "[2].1.1.63902", "target": "[2].1.1.49801", "type": "serial", "bandwidth": 10000000}, {"source": "[2].1.1.49801", "target": "[2].1.1.85644", "type": "serial", "bandwidth": 10000000}, {"source": "[2].1.1.49801", "target": "[2].1.1.65381", "type": "serial", "bandwidth": 10000000}]