[{"id": "[2].20.1.46008", "label": "20_firewall", "utility": [2], "substation_number": 20, "type": "firewall", "ipv4": "10.10.10.1", "VLAN": 1, "OSI_layer": 7, "acl": " "}, {"id": "[2].20.1.7304", "label": "20_switch", "utility": [2], "substation_number": 20, "type": "switch", "ipv4": "10.10.10.2", "VLAN": 1, "OSI_layer": 2, "table": " "}, {"id": "[2].20.1.91523", "label": "20_relay", "utility": [2], "substation_number": 20, "type": "relay", "ipv4": "10.10.10.4", "VLAN": 1, "OSI_layer": 3}, {"id": "[2].20.1.70812", "label": "20_relay", "utility": [2], "substation_number": 20, "type": "relay", "ipv4": "10.10.10.5", "VLAN": 1, "OSI_layer": 3}, {"source": "[2].20.1.46008", "target": "[2].20.1.7304", "type": "serial", "bandwidth": 10000000}, {"source": "[2].20.1.7304", "target": "[2].20.1.33124", "type": "serial", "bandwidth": 10000000}, {"source": "[2].20.1.33124", "target": "[2].20.1.91523", "type": "serial", "bandwidth": 10000000}, {"source": "[2].20.1.33124", "target": "[2].20.1.70812", "type": "serial", "bandwidth": 10000000}]