[{"id": "[2].21.1.64840", "label": "21_firewall", "utility": [2], "substation_number": 21, "type": "firewall", "ipv4": "10.10.10.1", "VLAN": 1, "OSI_layer": 7, "acl": " "}, {"id": "[2].21.1.62320", "label": "21_switch", "utility": [2], "substation_number": 21, "type": "switch", "ipv4": "10.10.10.2", "VLAN": 1, "OSI_layer": 2, "table": " "}, {"id": "[2].21.1.98951", "label": "21_relay", "utility": [2], "substation_number": 21, "type": "relay", "ipv4": "10.10.10.4", "VLAN": 1, "OSI_layer": 3}, {"id": "[2].21.1.4190", "label": "21_relay", "utility": [2], "substation_number": 21, "type": "relay", "ipv4": "10.10.10.5", "VLAN": 1, "OSI_layer": 3}, {"source": "[2].21.1.64840", "target": "[2].21.1.62320", "type": "serial", "bandwidth": 10000000}, {"source": "[2].21.1.62320", "target": "[2].21.1.38851", "type": "serial", "bandwidth": 10000000}, {"source": "[2].21.1.38851", "target": "[2].21.1.98951", "type": "serial", "bandwidth": 10000000}, {"source": "[2].21.1.38851", "target": "[2].21.1.4190", "type": "serial", "bandwidth": 10000000}]