[{"id": "[2].22.1.40689", "label": "22_firewall", "utility": [2], "substation_number": 22, "type": "firewall", "ipv4": "10.10.10.1", "VLAN": 1, "OSI_layer": 7, "acl": " "}, {"id": "[2].22.1.42918", "label": "22_switch", "utility": [2], "substation_number": 22, "type": "switch", "ipv4": "10.10.10.2", "VLAN": 1, "OSI_layer": 2, "table": " "}, {"id": "[2].22.1.46017", "label": "22_relay", "utility": [2], "substation_number": 22, "type": "relay", "ipv4": "10.10.10.4", "VLAN": 1, "OSI_layer": 3}, {"id": "[2].22.1.56200", "label": "22_relay", "utility": [2], "substation_number": 22, "type": "relay", "ipv4": "10.10.10.5", "VLAN": 1, "OSI_layer": 3}, {"source": "[2].22.1.40689", "target": "[2].22.1.42918", "type": "serial", "bandwidth": 10000000}, {"source": "[2].22.1.42918", "target": "[2].22.1.85816", "type": "serial", "bandwidth": 10000000}, {"source": "[2].22.1.85816", "target": "[2].22.1.46017", "type": "serial", "bandwidth": 10000000}, {"source": "[2].22.1.85816", "target": "[2].22.1.56200", "type": "serial", "bandwidth": 10000000}]