[{"id": "[2].23.1.85795", "label": "23_firewall", "utility": [2], "substation_number": 23, "type": "firewall", "ipv4": "10.10.10.1", "VLAN": 1, "OSI_layer": 7, "acl": " "}, {"id": "[2].23.1.91258", "label": "23_switch", "utility": [2], "substation_number": 23, "type": "switch", "ipv4": "10.10.10.2", "VLAN": 1, "OSI_layer": 2, "table": " "}, {"id": "[2].23.1.4957", "label": "23_relay", "utility": [2], "substation_number": 23, "type": "relay", "ipv4": "10.10.10.4", "VLAN": 1, "OSI_layer": 3}, {"id": "[2].23.1.33542", "label": "23_relay", "utility": [2], "substation_number": 23, "type": "relay", "ipv4": "10.10.10.5", "VLAN": 1, "OSI_layer": 3}, {"source": "[2].23.1.85795", "target": "[2].23.1.91258", "type": "serial", "bandwidth": 10000000}, {"source": "[2].23.1.91258", "target": "[2].23.1.42332", "type": "serial", "bandwidth": 10000000}, {"source": "[2].23.1.42332", "target": "[2].23.1.4957", "type": "serial", "bandwidth": 10000000}, {"source": "[2].23.1.42332", "target": "[2].23.1.33542", "type": "serial", "bandwidth": 10000000}]