[{"id": "[2].24.1.26224", "label": "24_firewall", "utility": [2], "substation_number": 24, "type": "firewall", "ipv4": "10.10.10.1", "VLAN": 1, "OSI_layer": 7, "acl": " "}, {"id": "[2].24.1.31669", "label": "24_switch", "utility": [2], "substation_number": 24, "type": "switch", "ipv4": "10.10.10.2", "VLAN": 1, "OSI_layer": 2, "table": " "}, {"id": "[2].24.1.91964", "label": "24_relay", "utility": [2], "substation_number": 24, "type": "relay", "ipv4": "10.10.10.4", "VLAN": 1, "OSI_layer": 3}, {"id": "[2].24.1.45064", "label": "24_relay", "utility": [2], "substation_number": 24, "type": "relay", "ipv4": "10.10.10.5", "VLAN": 1, "OSI_layer": 3}, {"source": "[2].24.1.26224", "target": "[2].24.1.31669", "type": "serial", "bandwidth": 10000000}, {"source": "[2].24.1.31669", "target": "[2].24.1.87642", "type": "serial", "bandwidth": 10000000}, {"source": "[2].24.1.87642", "target": "[2].24.1.91964", "type": "serial", "bandwidth": 10000000}, {"source": "[2].24.1.87642", "target": "[2].24.1.45064", "type": "serial", "bandwidth": 10000000}]