[{"id": "[2].25.1.37752", "label": "25_firewall", "utility": [2], "substation_number": 25, "type": "firewall", "ipv4": "10.10.10.1", "VLAN": 1, "OSI_layer": 7, "acl": " "}, {"id": "[2].25.1.57273", "label": "25_switch", "utility": [2], "substation_number": 25, "type": "switch", "ipv4": "10.10.10.2", "VLAN": 1, "OSI_layer": 2, "table": " "}, {"id": "[2].25.1.97924", "label": "25_relay", "utility": [2], "substation_number": 25, "type": "relay", "ipv4": "10.10.10.4", "VLAN": 1, "OSI_layer": 3}, {"id": "[2].25.1.90662", "label": "25_relay", "utility": [2], "substation_number": 25, "type": "relay", "ipv4": "10.10.10.5", "VLAN": 1, "OSI_layer": 3}, {"source": "[2].25.1.37752", "target": "[2].25.1.57273", "type": "serial", "bandwidth": 10000000}, {"source": "[2].25.1.57273", "target": "[2].25.1.13858", "type": "serial", "bandwidth": 10000000}, {"source": "[2].25.1.13858", "target": "[2].25.1.97924", "type": "serial", "bandwidth": 10000000}, {"source": "[2].25.1.13858", "target": "[2].25.1.90662", "type": "serial", "bandwidth": 10000000}]