[{"id": "[2].26.1.92387", "label": "26_firewall", "utility": [2], "substation_number": 26, "type": "firewall", "ipv4": "10.10.10.1", "VLAN": 1, "OSI_layer": 7, "acl": " "}, {"id": "[2].26.1.23127", "label": "26_switch", "utility": [2], "substation_number": 26, "type": "switch", "ipv4": "10.10.10.2", "VLAN": 1, "OSI_layer": 2, "table": " "}, {"id": "[2].26.1.14144", "label": "26_relay", "utility": [2], "substation_number": 26, "type": "relay", "ipv4": "10.10.10.4", "VLAN": 1, "OSI_layer": 3}, {"id": "[2].26.1.25947", "label": "26_relay", "utility": [2], "substation_number": 26, "type": "relay", "ipv4": "10.10.10.5", "VLAN": 1, "OSI_layer": 3}, {"source": "[2].26.1.92387", "target": "[2].26.1.23127", "type": "serial", "bandwidth": 10000000}, {"source": "[2].26.1.23127", "target": "[2].26.1.98268", "type": "serial", "bandwidth": 10000000}, {"source": "[2].26.1.98268", "target": "[2].26.1.14144", "type": "serial", "bandwidth": 10000000}, {"source": "[2].26.1.98268", "target": "[2].26.1.25947", "type": "serial", "bandwidth": 10000000}]