[{"id": "[2].27.1.90176", "label": "27_firewall", "utility": [2], "substation_number": 27, "type": "firewall", "ipv4": "10.10.10.1", "VLAN": 1, "OSI_layer": 7, "acl": " "}, {"id": "[2].27.1.42671", "label": "27_switch", "utility": [2], "substation_number": 27, "type": "switch", "ipv4": "10.10.10.2", "VLAN": 1, "OSI_layer": 2, "table": " "}, {"id": "[2].27.1.3475", "label": "27_relay", "utility": [2], "substation_number": 27, "type": "relay", "ipv4": "10.10.10.4", "VLAN": 1, "OSI_layer": 3}, {"id": "[2].27.1.4978", "label": "27_relay", "utility": [2], "substation_number": 27, "type": "relay", "ipv4": "10.10.10.5", "VLAN": 1, "OSI_layer": 3}, {"source": "[2].27.1.90176", "target": "[2].27.1.42671", "type": "serial", "bandwidth": 10000000}, {"source": "[2].27.1.42671", "target": "[2].27.1.10321", "type": "serial", "bandwidth": 10000000}, {"source": "[2].27.1.10321", "target": "[2].27.1.3475", "type": "serial", "bandwidth": 10000000}, {"source": "[2].27.1.10321", "target": "[2].27.1.4978", "type": "serial", "bandwidth": 10000000}]