[{"id": "[2].2.1.77728", "label": "2_firewall", "utility": [2], "substation_number": 2, "type": "firewall", "ipv4": "10.10.10.1", "VLAN": 1, "OSI_layer": 7, "acl": " "}, {"id": "[2].2.1.65958", "label": "2_switch", "utility": [2], "substation_number": 2, "type": "switch", "ipv4": "10.10.10.2", "VLAN": 1, "OSI_layer": 2, "table": " "}, {"id": "[2].2.1.75814", "label": "2_relay", "utility": [2], "substation_number": 2, "type": "relay", "ipv4": "10.10.10.4", "VLAN": 1, "OSI_layer": 3}, {"id": "[2].2.1.86658", "label": "2_relay", "utility": [2], "substation_number": 2, "type": "relay", "ipv4": "10.10.10.5", "VLAN": 1, "OSI_layer": 3}, {"source": "[2].2.1.77728", "target": "[2].2.1.65958", "type": "serial", "bandwidth": 10000000}, {"source": "[2].2.1.65958", "target": "[2].2.1.40540", "type": "serial", "bandwidth": 10000000}, {"source": "[2].2.1.40540", "target": "[2].2.1.75814", "type": "serial", "bandwidth": 10000000}, {"source": "[2].2.1.40540", "target": "[2].2.1.86658", "type": "serial", "bandwidth": 10000000}]