[{"id": "[2].3.1.38103", "label": "3_firewall", "utility": [2], "substation_number": 3, "type": "firewall", "ipv4": "10.10.10.1", "VLAN": 1, "OSI_layer": 7, "acl": " "}, {"id": "[2].3.1.85510", "label": "3_switch", "utility": [2], "substation_number": 3, "type": "switch", "ipv4": "10.10.10.2", "VLAN": 1, "OSI_layer": 2, "table": " "}, {"id": "[2].3.1.76377", "label": "3_relay", "utility": [2], "substation_number": 3, "type": "relay", "ipv4": "10.10.10.4", "VLAN": 1, "OSI_layer": 3}, {"id": "[2].3.1.32096", "label": "3_relay", "utility": [2], "substation_number": 3, "type": "relay", "ipv4": "10.10.10.5", "VLAN": 1, "OSI_layer": 3}, {"source": "[2].3.1.38103", "target": "[2].3.1.85510", "type": "serial", "bandwidth": 10000000}, {"source": "[2].3.1.85510", "target": "[2].3.1.86463", "type": "serial", "bandwidth": 10000000}, {"source": "[2].3.1.86463", "target": "[2].3.1.76377", "type": "serial", "bandwidth": 10000000}, {"source": "[2].3.1.86463", "target": "[2].3.1.32096", "type": "serial", "bandwidth": 10000000}]