[{"id": "[2].4.1.74316", "label": "4_firewall", "utility": [2], "substation_number": 4, "type": "firewall", "ipv4": "10.10.10.1", "VLAN": 1, "OSI_layer": 7, "acl": " "}, {"id": "[2].4.1.31459", "label": "4_switch", "utility": [2], "substation_number": 4, "type": "switch", "ipv4": "10.10.10.2", "VLAN": 1, "OSI_layer": 2, "table": " "}, {"id": "[2].4.1.26803", "label": "4_relay", "utility": [2], "substation_number": 4, "type": "relay", "ipv4": "10.10.10.4", "VLAN": 1, "OSI_layer": 3}, {"id": "[2].4.1.66811", "label": "4_relay", "utility": [2], "substation_number": 4, "type": "relay", "ipv4": "10.10.10.5", "VLAN": 1, "OSI_layer": 3}, {"source": "[2].4.1.74316", "target": "[2].4.1.31459", "type": "serial", "bandwidth": 10000000}, {"source": "[2].4.1.31459", "target": "[2].4.1.38671", "type": "serial", "bandwidth": 10000000}, {"source": "[2].4.1.38671", "target": "[2].4.1.26803", "type": "serial", "bandwidth": 10000000}, {"source": "[2].4.1.38671", "target": "[2].4.1.66811", "type": "serial", "bandwidth": 10000000}]