[{"id": "[2].5.1.18976", "label": "5_firewall", "utility": [2], "substation_number": 5, "type": "firewall", "ipv4": "10.10.10.1", "VLAN": 1, "OSI_layer": 7, "acl": " "}, {"id": "[2].5.1.42084", "label": "5_switch", "utility": [2], "substation_number": 5, "type": "switch", "ipv4": "10.10.10.2", "VLAN": 1, "OSI_layer": 2, "table": " "}, {"id": "[2].5.1.68727", "label": "5_relay", "utility": [2], "substation_number": 5, "type": "relay", "ipv4": "10.10.10.4", "VLAN": 1, "OSI_layer": 3}, {"id": "[2].5.1.60548", "label": "5_relay", "utility": [2], "substation_number": 5, "type": "relay", "ipv4": "10.10.10.5", "VLAN": 1, "OSI_layer": 3}, {"source": "[2].5.1.18976", "target": "[2].5.1.42084", "type": "serial", "bandwidth": 10000000}, {"source": "[2].5.1.42084", "target": "[2].5.1.89530", "type": "serial", "bandwidth": 10000000}, {"source": "[2].5.1.89530", "target": "[2].5.1.68727", "type": "serial", "bandwidth": 10000000}, {"source": "[2].5.1.89530", "target": "[2].5.1.60548", "type": "serial", "bandwidth": 10000000}]