[{"id": "[2].6.1.36838", "label": "6_firewall", "utility": [2], "substation_number": 6, "type": "firewall", "ipv4": "10.10.10.1", "VLAN": 1, "OSI_layer": 7, "acl": " "}, {"id": "[2].6.1.44758", "label": "6_switch", "utility": [2], "substation_number": 6, "type": "switch", "ipv4": "10.10.10.2", "VLAN": 1, "OSI_layer": 2, "table": " "}, {"id": "[2].6.1.57811", "label": "6_relay", "utility": [2], "substation_number": 6, "type": "relay", "ipv4": "10.10.10.4", "VLAN": 1, "OSI_layer": 3}, {"id": "[2].6.1.33430", "label": "6_relay", "utility": [2], "substation_number": 6, "type": "relay", "ipv4": "10.10.10.5", "VLAN": 1, "OSI_layer": 3}, {"source": "[2].6.1.36838", "target": "[2].6.1.44758", "type": "serial", "bandwidth": 10000000}, {"source": "[2].6.1.44758", "target": "[2].6.1.76102", "type": "serial", "bandwidth": 10000000}, {"source": "[2].6.1.76102", "target": "[2].6.1.57811", "type": "serial", "bandwidth": 10000000}, {"source": "[2].6.1.76102", "target": "[2].6.1.33430", "type": "serial", "bandwidth": 10000000}]