[{"id": "[2].7.1.77258", "label": "7_firewall", "utility": [2], "substation_number": 7, "type": "firewall", "ipv4": "10.10.10.1", "VLAN": 1, "OSI_layer": 7, "acl": " "}, {"id": "[2].7.1.58454", "label": "7_switch", "utility": [2], "substation_number": 7, "type": "switch", "ipv4": "10.10.10.2", "VLAN": 1, "OSI_layer": 2, "table": " "}, {"id": "[2].7.1.40970", "label": "7_relay", "utility": [2], "substation_number": 7, "type": "relay", "ipv4": "10.10.10.4", "VLAN": 1, "OSI_layer": 3}, {"id": "[2].7.1.57557", "label": "7_relay", "utility": [2], "substation_number": 7, "type": "relay", "ipv4": "10.10.10.5", "VLAN": 1, "OSI_layer": 3}, {"source": "[2].7.1.77258", "target": "[2].7.1.58454", "type": "serial", "bandwidth": 10000000}, {"source": "[2].7.1.58454", "target": "[2].7.1.91608", "type": "serial", "bandwidth": 10000000}, {"source": "[2].7.1.91608", "target": "[2].7.1.40970", "type": "serial", "bandwidth": 10000000}, {"source": "[2].7.1.91608", "target": "[2].7.1.57557", "type": "serial", "bandwidth": 10000000}]