[{"id": "[2].8.1.19463", "label": "8_firewall", "utility": [2], "substation_number": 8, "type": "firewall", "ipv4": "10.10.10.1", "VLAN": 1, "OSI_layer": 7, "acl": " "}, {"id": "[2].8.1.18657", "label": "8_switch", "utility": [2], "substation_number": 8, "type": "switch", "ipv4": "10.10.10.2", "VLAN": 1, "OSI_layer": 2, "table": " "}, {"id": "[2].8.1.32232", "label": "8_relay", "utility": [2], "substation_number": 8, "type": "relay", "ipv4": "10.10.10.4", "VLAN": 1, "OSI_layer": 3}, {"id": "[2].8.1.1413", "label": "8_relay", "utility": [2], "substation_number": 8, "type": "relay", "ipv4": "10.10.10.5", "VLAN": 1, "OSI_layer": 3}, {"source": "[2].8.1.19463", "target": "[2].8.1.18657", "type": "serial", "bandwidth": 10000000}, {"source": "[2].8.1.18657", "target": "[2].8.1.29469", "type": "serial", "bandwidth": 10000000}, {"source": "[2].8.1.29469", "target": "[2].8.1.32232", "type": "serial", "bandwidth": 10000000}, {"source": "[2].8.1.29469", "target": "[2].8.1.1413", "type": "serial", "bandwidth": 10000000}]