[{"id": "[2].9.1.62173", "label": "9_firewall", "utility": [2], "substation_number": 9, "type": "firewall", "ipv4": "10.10.10.1", "VLAN": 1, "OSI_layer": 7, "acl": " "}, {"id": "[2].9.1.2939", "label": "9_switch", "utility": [2], "substation_number": 9, "type": "switch", "ipv4": "10.10.10.2", "VLAN": 1, "OSI_layer": 2, "table": " "}, {"id": "[2].9.1.5343", "label": "9_relay", "utility": [2], "substation_number": 9, "type": "relay", "ipv4": "10.10.10.4", "VLAN": 1, "OSI_layer": 3}, {"id": "[2].9.1.18268", "label": "9_relay", "utility": [2], "substation_number": 9, "type": "relay", "ipv4": "10.10.10.5", "VLAN": 1, "OSI_layer": 3}, {"source": "[2].9.1.62173", "target": "[2].9.1.2939", "type": "serial", "bandwidth": 10000000}, {"source": "[2].9.1.2939", "target": "[2].9.1.20200", "type": "serial", "bandwidth": 10000000}, {"source": "[2].9.1.20200", "target": "[2].9.1.5343", "type": "serial", "bandwidth": 10000000}, {"source": "[2].9.1.20200", "target": "[2].9.1.18268", "type": "serial", "bandwidth": 10000000}]